기관명,지역구,과정명,회차,직종,훈련유형,개강일,종강일,훈련시간,수강신청인원,수강확정인원,평균 인원,전회차 인원
주식회사멋쟁이사자처럼,"(03155) 서울특별시 종로구 종로3길 17 (청진동 D타워) 16, 17층",멋쟁이사자처럼 디자인 스쿨,1회차,UI/UX엔지니어링(20010207),K-디지털 트레이닝,2023-05-09,2023-09-01,720,58,58,64.75,해당 정보 없음
주식회사멋쟁이사자처럼,"(03155) 서울특별시 종로구 종로3길 17 (청진동 D타워) 16, 17층",멋쟁이사자처럼 디자인 스쿨,2회차,UI/UX엔지니어링(20010207),K-디지털 트레이닝,2024-01-08,2024-05-20,720,59,59,64.75,58
주식회사멋쟁이사자처럼,"(03155) 서울특별시 종로구 종로3길 17 (청진동 D타워) 16, 17층",멋쟁이사자처럼 디자인 스쿨,3회차,UI/UX엔지니어링(20010207),K-디지털 트레이닝,2024-08-12,2024-12-23,720,60,60,64.75,59
주식회사멋쟁이사자처럼,"(03155) 서울특별시 종로구 종로3길 17 (청진동 D타워) 16, 17층",멋쟁이사자처럼 디자인 스쿨,4회차,UI/UX엔지니어링(20010207),K-디지털 트레이닝,2024-11-29,2025-04-22,720,82,82,64.75,60
(주)솔데스크,"(03190) 서울특별시 종로구 종로12길 15 (관철동 종로코아) 5층, 8층, 9층, 10층",그래픽 기반의 실시간 AI서비스를 활용한 cross-platform 개발자 양성과정,1회차,응용SW엔지니어링(20010202),K-디지털 트레이닝,2022-07-26,2023-01-16,960,22,22,20.11,해당 정보 없음
(주)솔데스크,"(03190) 서울특별시 종로구 종로12길 15 (관철동 종로코아) 5층, 8층, 9층, 10층",그래픽 기반의 실시간 AI서비스를 활용한 cross-platform 개발자 양성과정,2회차,응용SW엔지니어링(20010202),K-디지털 트레이닝,2022-08-23,2023-03-30,960,17,17,20.11,22
(주)솔데스크,"(03190) 서울특별시 종로구 종로12길 15 (관철동 종로코아) 5층, 8층, 9층, 10층",그래픽 기반의 실시간 AI서비스를 활용한 cross-platform 개발자 양성과정,3회차,응용SW엔지니어링(20010202),K-디지털 트레이닝,2022-11-22,2023-05-19,960,13,13,20.11,17
(주)솔데스크,"(03190) 서울특별시 종로구 종로12길 15 (관철동 종로코아) 5층, 8층, 9층, 10층",그래픽 기반의 실시간 AI서비스를 활용한 cross-platform 개발자 양성과정,4회차,응용SW엔지니어링(20010202),K-디지털 트레이닝,2023-01-18,2023-07-24,960,20,20,20.11,13
(주)솔데스크,"(03190) 서울특별시 종로구 종로12길 15 (관철동 종로코아) 5층, 8층, 9층, 10층",그래픽 기반의 실시간 AI서비스를 활용한 cross-platform 개발자 양성과정,5회차,응용SW엔지니어링(20010202),K-디지털 트레이닝,2023-03-28,2023-09-19,960,30,30,20.11,20
(주)솔데스크,"(03190) 서울특별시 종로구 종로12길 15 (관철동 종로코아) 5층, 8층, 9층, 10층",그래픽 기반의 실시간 AI서비스를 활용한 cross-platform 개발자 양성과정,6회차,응용SW엔지니어링(20010202),K-디지털 트레이닝,2023-07-04,2024-01-09,960,27,27,20.11,30
(주)솔데스크,"(03190) 서울특별시 종로구 종로12길 15 (관철동 종로코아) 5층, 8층, 9층, 10층",그래픽 기반의 실시간 AI서비스를 활용한 cross-platform 개발자 양성과정,7회차,응용SW엔지니어링(20010202),K-디지털 트레이닝,2023-07-26,2024-01-30,960,30,30,20.11,27
(주)솔데스크,"(03190) 서울특별시 종로구 종로12길 15 (관철동 종로코아) 5층, 8층, 9층, 10층",그래픽 기반의 실시간 AI서비스를 활용한 cross-platform 개발자 양성과정,8회차,응용SW엔지니어링(20010202),K-디지털 트레이닝,2023-10-24,2024-04-25,960,26,26,20.11,30
(주)솔데스크,"(03190) 서울특별시 종로구 종로12길 15 (관철동 종로코아) 5층, 8층, 9층, 10층",그래픽 기반의 실시간 AI서비스를 활용한 cross-platform 개발자 양성과정,9회차,응용SW엔지니어링(20010202),K-디지털 트레이닝,2024-01-23,2024-07-18,960,17,17,20.11,26
(주)솔데스크,"(03190) 서울특별시 종로구 종로12길 15 (관철동 종로코아) 5층, 8층, 9층, 10층",그래픽 기반의 실시간 AI서비스를 활용한 cross-platform 개발자 양성과정,10회차,응용SW엔지니어링(20010202),K-디지털 트레이닝,2024-03-12,2024-09-06,960,18,18,20.11,17
(주)솔데스크,"(03190) 서울특별시 종로구 종로12길 15 (관철동 종로코아) 5층, 8층, 9층, 10층",그래픽 기반의 실시간 AI서비스를 활용한 cross-platform 개발자 양성과정,11회차,응용SW엔지니어링(20010202),K-디지털 트레이닝,2024-03-12,2024-09-12,960,22,22,20.11,18
(주)솔데스크,"(03190) 서울특별시 종로구 종로12길 15 (관철동 종로코아) 5층, 8층, 9층, 10층",그래픽 기반의 실시간 AI서비스를 활용한 cross-platform 개발자 양성과정,12회차,응용SW엔지니어링(20010202),K-디지털 트레이닝,2024-04-09,2024-10-08,960,17,17,20.11,22
(주)솔데스크,"(03190) 서울특별시 종로구 종로12길 15 (관철동 종로코아) 5층, 8층, 9층, 10층",그래픽 기반의 실시간 AI서비스를 활용한 cross-platform 개발자 양성과정,13회차,응용SW엔지니어링(20010202),K-디지털 트레이닝,2024-05-21,2024-11-13,960,10,10,20.11,17
(주)솔데스크,"(03190) 서울특별시 종로구 종로12길 15 (관철동 종로코아) 5층, 8층, 9층, 10층",그래픽 기반의 실시간 AI서비스를 활용한 cross-platform 개발자 양성과정,14회차,응용SW엔지니어링(20010202),K-디지털 트레이닝,2024-07-23,2025-03-18,960,13,13,20.11,10
(주)솔데스크,"(03190) 서울특별시 종로구 종로12길 15 (관철동 종로코아) 5층, 8층, 9층, 10층",그래픽 기반의 실시간 AI서비스를 활용한 cross-platform 개발자 양성과정,15회차,응용SW엔지니어링(20010202),K-디지털 트레이닝,2024-08-20,2025-02-21,960,18,18,20.11,13
(주)솔데스크,"(03190) 서울특별시 종로구 종로12길 15 (관철동 종로코아) 5층, 8층, 9층, 10층",그래픽 기반의 실시간 AI서비스를 활용한 cross-platform 개발자 양성과정,16회차,응용SW엔지니어링(20010202),K-디지털 트레이닝,2024-10-08,2025-04-08,960,21,21,20.11,18
(주)솔데스크,"(03190) 서울특별시 종로구 종로12길 15 (관철동 종로코아) 5층, 8층, 9층, 10층",그래픽 기반의 실시간 AI서비스를 활용한 cross-platform 개발자 양성과정,17회차,응용SW엔지니어링(20010202),K-디지털 트레이닝,2024-10-29,2025-04-25,960,20,20,20.11,21
(주)솔데스크,"(03190) 서울특별시 종로구 종로12길 15 (관철동 종로코아) 5층, 8층, 9층, 10층",그래픽 기반의 실시간 AI서비스를 활용한 cross-platform 개발자 양성과정,18회차,응용SW엔지니어링(20010202),K-디지털 트레이닝,2024-12-30,2025-07-04,960,21,21,20.11,20
하이미디어아카데미인재개발원,"(03163) 서울특별시 종로구 인사동길 12 7층, 15층",React.js와 Springboot를 활용한 자바 풀스택 개발자,1회차,응용SW엔지니어링(20010202),K-디지털 트레이닝,2022-10-04,2023-03-22,900,30,30,24.33,해당 정보 없음
하이미디어아카데미인재개발원,"(03163) 서울특별시 종로구 인사동길 12 7층, 15층",React.js와 Springboot를 활용한 자바 풀스택 개발자,2회차,응용SW엔지니어링(20010202),K-디지털 트레이닝,2022-11-01,2023-04-13,900,29,29,24.33,30
하이미디어아카데미인재개발원,"(03163) 서울특별시 종로구 인사동길 12 7층, 15층",React.js와 Springboot를 활용한 자바 풀스택 개발자,3회차,응용SW엔지니어링(20010202),K-디지털 트레이닝,2022-12-19,2023-06-09,900,30,30,24.33,29
하이미디어아카데미인재개발원,"(03163) 서울특별시 종로구 인사동길 12 7층, 15층",React.js와 Springboot를 활용한 자바 풀스택 개발자,4회차,응용SW엔지니어링(20010202),K-디지털 트레이닝,2023-03-10,2023-08-22,900,25,25,24.33,30
하이미디어아카데미인재개발원,"(03163) 서울특별시 종로구 인사동길 12 7층, 15층",React.js와 Springboot를 활용한 자바 풀스택 개발자,5회차,응용SW엔지니어링(20010202),K-디지털 트레이닝,2023-03-27,2023-09-14,900,26,26,24.33,25
하이미디어아카데미인재개발원,"(03163) 서울특별시 종로구 인사동길 12 7층, 15층",React.js와 Springboot를 활용한 자바 풀스택 개발자,6회차,응용SW엔지니어링(20010202),K-디지털 트레이닝,2023-07-04,2023-12-22,900,23,23,24.33,26
하이미디어아카데미인재개발원,"(03163) 서울특별시 종로구 인사동길 12 7층, 15층",React.js와 Springboot를 활용한 자바 풀스택 개발자,7회차,응용SW엔지니어링(20010202),K-디지털 트레이닝,2023-09-19,2024-02-29,900,23,23,24.33,23
하이미디어아카데미인재개발원,"(03163) 서울특별시 종로구 인사동길 12 7층, 15층",React.js와 Springboot를 활용한 자바 풀스택 개발자,8회차,응용SW엔지니어링(20010202),K-디지털 트레이닝,2023-12-11,2024-06-01,900,15,15,24.33,23
하이미디어아카데미인재개발원,"(03163) 서울특별시 종로구 인사동길 12 7층, 15층",React.js와 Springboot를 활용한 자바 풀스택 개발자,9회차,응용SW엔지니어링(20010202),K-디지털 트레이닝,2024-01-23,2024-07-16,900,18,18,24.33,15
한국표준협회,(06160) 서울특별시 강남구 테헤란로69길 5 (삼성동) DT센터,Cisco VirtuNet Cloud 통합 구현,1회차,IT시스템관리(20010301),K-디지털 트레이닝,2023-11-07,2024-05-02,960,30,29,27.2,해당 정보 없음
한국표준협회,(06160) 서울특별시 강남구 테헤란로69길 5 (삼성동) DT센터,Cisco VirtuNet Cloud 통합 구현,2회차,IT시스템관리(20010301),K-디지털 트레이닝,2023-12-27,2024-06-27,960,24,24,27.2,29
한국표준협회,(06160) 서울특별시 강남구 테헤란로69길 5 (삼성동) DT센터,Cisco VirtuNet Cloud 통합 구현,3회차,IT시스템관리(20010301),K-디지털 트레이닝,2024-01-23,2024-07-19,960,30,30,27.2,24
한국표준협회,(06160) 서울특별시 강남구 테헤란로69길 5 (삼성동) DT센터,Cisco VirtuNet Cloud 통합 구현,4회차,IT시스템관리(20010301),K-디지털 트레이닝,2024-03-19,2024-09-13,960,24,24,27.2,30
한국표준협회,(06160) 서울특별시 강남구 테헤란로69길 5 (삼성동) DT센터,Cisco VirtuNet Cloud 통합 구현,5회차,IT시스템관리(20010301),K-디지털 트레이닝,2025-01-14,2025-07-22,960,30,29,27.2,24
(주)솔데스크,"(03190) 서울특별시 종로구 종로12길 15 (관철동 종로코아) 5층, 8층, 9층, 10층",자바 & 파이썬 활용 통계 기반 빅데이터 개발자 과정,1회차,빅데이터분석(20010105),K-디지털 트레이닝,2021-10-26,2022-05-04,960,24,24,24.0,해당 정보 없음
(주)솔데스크,"(03190) 서울특별시 종로구 종로12길 15 (관철동 종로코아) 5층, 8층, 9층, 10층",자바 & 파이썬 활용 통계 기반 빅데이터 개발자 과정,2회차,빅데이터분석(20010105),K-디지털 트레이닝,2022-03-02,2022-08-23,960,22,22,24.0,24
(주)솔데스크,"(03190) 서울특별시 종로구 종로12길 15 (관철동 종로코아) 5층, 8층, 9층, 10층",자바 & 파이썬 활용 통계 기반 빅데이터 개발자 과정,3회차,빅데이터분석(20010105),K-디지털 트레이닝,2022-05-06,2022-10-31,960,28,28,24.0,22
(주)솔데스크,"(03190) 서울특별시 종로구 종로12길 15 (관철동 종로코아) 5층, 8층, 9층, 10층",자바 & 파이썬 활용 통계 기반 빅데이터 개발자 과정,4회차,빅데이터분석(20010105),K-디지털 트레이닝,2022-09-19,2023-03-10,960,23,23,24.0,28
(주)솔데스크,"(03190) 서울특별시 종로구 종로12길 15 (관철동 종로코아) 5층, 8층, 9층, 10층",자바 & 파이썬 활용 통계 기반 빅데이터 개발자 과정,5회차,빅데이터분석(20010105),K-디지털 트레이닝,2023-02-21,2023-08-16,960,30,30,24.0,23
(주)솔데스크,"(03190) 서울특별시 종로구 종로12길 15 (관철동 종로코아) 5층, 8층, 9층, 10층",자바 & 파이썬 활용 통계 기반 빅데이터 개발자 과정,6회차,빅데이터분석(20010105),K-디지털 트레이닝,2023-05-23,2023-11-16,960,28,29,24.0,30
(주)솔데스크,"(03190) 서울특별시 종로구 종로12길 15 (관철동 종로코아) 5층, 8층, 9층, 10층",자바 & 파이썬 활용 통계 기반 빅데이터 개발자 과정,7회차,빅데이터분석(20010105),K-디지털 트레이닝,2023-08-22,2024-02-21,960,21,21,24.0,29
(주)솔데스크,"(03190) 서울특별시 종로구 종로12길 15 (관철동 종로코아) 5층, 8층, 9층, 10층",자바 & 파이썬 활용 통계 기반 빅데이터 개발자 과정,8회차,빅데이터분석(20010105),K-디지털 트레이닝,2024-01-23,2024-07-19,960,25,25,24.0,21
(주)솔데스크,"(03190) 서울특별시 종로구 종로12길 15 (관철동 종로코아) 5층, 8층, 9층, 10층",자바 & 파이썬 활용 통계 기반 빅데이터 개발자 과정,9회차,빅데이터분석(20010105),K-디지털 트레이닝,2024-02-19,2024-08-23,960,30,30,24.0,25
(주)솔데스크,"(03190) 서울특별시 종로구 종로12길 15 (관철동 종로코아) 5층, 8층, 9층, 10층",자바 & 파이썬 활용 통계 기반 빅데이터 개발자 과정,10회차,빅데이터분석(20010105),K-디지털 트레이닝,2024-04-02,2024-10-02,960,17,16,24.0,30
(주)솔데스크,"(03190) 서울특별시 종로구 종로12길 15 (관철동 종로코아) 5층, 8층, 9층, 10층",자바 & 파이썬 활용 통계 기반 빅데이터 개발자 과정,11회차,빅데이터분석(20010105),K-디지털 트레이닝,2024-07-23,2025-01-20,960,18,18,24.0,16
(주)솔데스크,"(03190) 서울특별시 종로구 종로12길 15 (관철동 종로코아) 5층, 8층, 9층, 10층",자바 & 파이썬 활용 통계 기반 빅데이터 개발자 과정,12회차,빅데이터분석(20010105),K-디지털 트레이닝,2024-07-23,2025-03-05,960,22,22,24.0,18
중앙HTA IT교육원,(03134) 서울특별시 종로구 율곡로10길 105 (봉익동 디아망 쥬얼리) 4층,"Public Cloud 활용 자바(JAVA) 웹 애플리케이션(Spring, Docker) 개발자 양성과정",1회차,응용SW엔지니어링(20010202),K-디지털 트레이닝,2023-06-12,2023-12-27,1080,8,8,12.0,해당 정보 없음
중앙HTA IT교육원,(03134) 서울특별시 종로구 율곡로10길 105 (봉익동 디아망 쥬얼리) 4층,"Public Cloud 활용 자바(JAVA) 웹 애플리케이션(Spring, Docker) 개발자 양성과정",2회차,응용SW엔지니어링(20010202),K-디지털 트레이닝,2023-07-31,2024-02-19,1080,16,16,12.0,8
중앙HTA IT교육원,(03134) 서울특별시 종로구 율곡로10길 105 (봉익동 디아망 쥬얼리) 4층,"Public Cloud 활용 자바(JAVA) 웹 애플리케이션(Spring, Docker) 개발자 양성과정",3회차,응용SW엔지니어링(20010202),K-디지털 트레이닝,2023-09-11,2024-03-29,1080,10,10,12.0,16
중앙HTA IT교육원,(03134) 서울특별시 종로구 율곡로10길 105 (봉익동 디아망 쥬얼리) 4층,"Public Cloud 활용 자바(JAVA) 웹 애플리케이션(Spring, Docker) 개발자 양성과정",4회차,응용SW엔지니어링(20010202),K-디지털 트레이닝,2023-10-23,2024-05-16,1080,13,13,12.0,10
중앙HTA IT교육원,(03134) 서울특별시 종로구 율곡로10길 105 (봉익동 디아망 쥬얼리) 4층,"Public Cloud 활용 자바(JAVA) 웹 애플리케이션(Spring, Docker) 개발자 양성과정",5회차,응용SW엔지니어링(20010202),K-디지털 트레이닝,2024-01-29,2024-08-23,1080,19,19,12.0,13
중앙HTA IT교육원,(03134) 서울특별시 종로구 율곡로10길 105 (봉익동 디아망 쥬얼리) 4층,"Public Cloud 활용 자바(JAVA) 웹 애플리케이션(Spring, Docker) 개발자 양성과정",6회차,응용SW엔지니어링(20010202),K-디지털 트레이닝,2024-03-04,2024-09-25,1080,16,16,12.0,19
중앙HTA IT교육원,(03134) 서울특별시 종로구 율곡로10길 105 (봉익동 디아망 쥬얼리) 4층,"Public Cloud 활용 자바(JAVA) 웹 애플리케이션(Spring, Docker) 개발자 양성과정",7회차,응용SW엔지니어링(20010202),K-디지털 트레이닝,2024-04-15,2024-11-08,1080,10,10,12.0,16
중앙HTA IT교육원,(03134) 서울특별시 종로구 율곡로10길 105 (봉익동 디아망 쥬얼리) 4층,"Public Cloud 활용 자바(JAVA) 웹 애플리케이션(Spring, Docker) 개발자 양성과정",8회차,응용SW엔지니어링(20010202),K-디지털 트레이닝,2024-05-27,2024-12-19,1080,18,18,12.0,10
중앙HTA IT교육원,(03134) 서울특별시 종로구 율곡로10길 105 (봉익동 디아망 쥬얼리) 4층,"Public Cloud 활용 자바(JAVA) 웹 애플리케이션(Spring, Docker) 개발자 양성과정",9회차,응용SW엔지니어링(20010202),K-디지털 트레이닝,2024-07-22,2025-02-14,1080,20,20,12.0,18
중앙HTA IT교육원,(03134) 서울특별시 종로구 율곡로10길 105 (봉익동 디아망 쥬얼리) 4층,"Public Cloud 활용 자바(JAVA) 웹 애플리케이션(Spring, Docker) 개발자 양성과정",10회차,응용SW엔지니어링(20010202),K-디지털 트레이닝,2024-09-09,2025-04-03,1080,14,14,12.0,20
중앙HTA IT교육원,(03134) 서울특별시 종로구 율곡로10길 105 (봉익동 디아망 쥬얼리) 4층,"Public Cloud 활용 자바(JAVA) 웹 애플리케이션(Spring, Docker) 개발자 양성과정",11회차,응용SW엔지니어링(20010202),K-디지털 트레이닝,2025-01-20,2025-08-12,1080,16,0,12.0,14
중앙HTA IT교육원,(03134) 서울특별시 종로구 율곡로10길 105 (봉익동 디아망 쥬얼리) 4층,"Public Cloud 활용 자바(JAVA) 웹 애플리케이션(Spring, Docker) 개발자 양성과정",12회차,응용SW엔지니어링(20010202),K-디지털 트레이닝,2025-02-24,2025-09-08,1080,0,0,12.0,해당 정보 없음
케이지에듀원 아이티뱅크종로학원,(03138) 서울특별시 종로구 돈화문로 26 (묘동 단성사) 4층,핀테크 서비스를 위한 풀스택 개발자 양성 과정,1회차,핀테크엔지니어링(20010210),K-디지털 트레이닝,2023-06-07,2023-12-08,968,17,17,15.11,해당 정보 없음
케이지에듀원 아이티뱅크종로학원,(03138) 서울특별시 종로구 돈화문로 26 (묘동 단성사) 4층,핀테크 서비스를 위한 풀스택 개발자 양성 과정,2회차,핀테크엔지니어링(20010210),K-디지털 트레이닝,2023-08-31,2024-02-29,968,24,24,15.11,17
케이지에듀원 아이티뱅크종로학원,(03138) 서울특별시 종로구 돈화문로 26 (묘동 단성사) 4층,핀테크 서비스를 위한 풀스택 개발자 양성 과정,3회차,핀테크엔지니어링(20010210),K-디지털 트레이닝,2024-01-31,2024-08-02,968,22,22,15.11,24
케이지에듀원 아이티뱅크종로학원,(03138) 서울특별시 종로구 돈화문로 26 (묘동 단성사) 4층,핀테크 서비스를 위한 풀스택 개발자 양성 과정,4회차,핀테크엔지니어링(20010210),K-디지털 트레이닝,2024-03-11,2024-09-06,968,20,20,15.11,22
케이지에듀원 아이티뱅크종로학원,(03138) 서울특별시 종로구 돈화문로 26 (묘동 단성사) 4층,핀테크 서비스를 위한 풀스택 개발자 양성 과정,5회차,핀테크엔지니어링(20010210),K-디지털 트레이닝,2024-08-05,2025-02-11,968,20,20,15.11,20
케이지에듀원 아이티뱅크종로학원,(03138) 서울특별시 종로구 돈화문로 26 (묘동 단성사) 4층,핀테크 서비스를 위한 풀스택 개발자 양성 과정,6회차,핀테크엔지니어링(20010210),K-디지털 트레이닝,2024-09-23,2025-03-25,968,15,15,15.11,20
케이지에듀원 아이티뱅크종로학원,(03138) 서울특별시 종로구 돈화문로 26 (묘동 단성사) 4층,핀테크 서비스를 위한 풀스택 개발자 양성 과정,7회차,핀테크엔지니어링(20010210),K-디지털 트레이닝,2024-12-16,2025-06-19,968,19,18,15.11,15
케이지에듀원 아이티뱅크종로학원,(03138) 서울특별시 종로구 돈화문로 26 (묘동 단성사) 4층,핀테크 서비스를 위한 풀스택 개발자 양성 과정,8회차,핀테크엔지니어링(20010210),K-디지털 트레이닝,2025-03-10,2025-09-08,968,1,0,15.11,18
케이지에듀원 아이티뱅크종로학원,(03138) 서울특별시 종로구 돈화문로 26 (묘동 단성사) 4층,핀테크 서비스를 위한 풀스택 개발자 양성 과정,9회차,핀테크엔지니어링(20010210),K-디지털 트레이닝,2025-04-21,2025-10-27,968,0,0,15.11,해당 정보 없음
더조은컴퓨터아카데미 종로,(03189) 서울특별시 종로구 우정국로2길 21 (관철동 대왕빌딩) 9층,빅데이터분석(with 파이썬)과 엘라스틱서치를 활용한 자바(Java)웹개발자양성,1회차,빅데이터분석(20010105),K-디지털 트레이닝,2022-05-02,2022-12-16,1220,25,25,17.3,해당 정보 없음
더조은컴퓨터아카데미 종로,(03189) 서울특별시 종로구 우정국로2길 21 (관철동 대왕빌딩) 9층,빅데이터분석(with 파이썬)과 엘라스틱서치를 활용한 자바(Java)웹개발자양성,2회차,빅데이터분석(20010105),K-디지털 트레이닝,2022-08-16,2023-03-31,1220,21,21,17.3,25
더조은컴퓨터아카데미 종로,(03189) 서울특별시 종로구 우정국로2길 21 (관철동 대왕빌딩) 9층,빅데이터분석(with 파이썬)과 엘라스틱서치를 활용한 자바(Java)웹개발자양성,3회차,빅데이터분석(20010105),K-디지털 트레이닝,2022-12-07,2023-07-21,1220,15,15,17.3,21
더조은컴퓨터아카데미 종로,(03189) 서울특별시 종로구 우정국로2길 21 (관철동 대왕빌딩) 9층,빅데이터분석(with 파이썬)과 엘라스틱서치를 활용한 자바(Java)웹개발자양성,4회차,빅데이터분석(20010105),K-디지털 트레이닝,2022-12-30,2023-08-17,1220,16,16,17.3,15
더조은컴퓨터아카데미 종로,(03189) 서울특별시 종로구 우정국로2길 21 (관철동 대왕빌딩) 9층,빅데이터분석(with 파이썬)과 엘라스틱서치를 활용한 자바(Java)웹개발자양성,5회차,빅데이터분석(20010105),K-디지털 트레이닝,2023-04-05,2023-11-23,1220,29,29,17.3,16
더조은컴퓨터아카데미 종로,(03189) 서울특별시 종로구 우정국로2길 21 (관철동 대왕빌딩) 9층,빅데이터분석(with 파이썬)과 엘라스틱서치를 활용한 자바(Java)웹개발자양성,6회차,빅데이터분석(20010105),K-디지털 트레이닝,2023-07-24,2024-03-07,1220,18,18,17.3,29
더조은컴퓨터아카데미 종로,(03189) 서울특별시 종로구 우정국로2길 21 (관철동 대왕빌딩) 9층,빅데이터분석(with 파이썬)과 엘라스틱서치를 활용한 자바(Java)웹개발자양성,7회차,빅데이터분석(20010105),K-디지털 트레이닝,2023-11-29,2024-07-12,1220,14,14,17.3,18
더조은컴퓨터아카데미 종로,(03189) 서울특별시 종로구 우정국로2길 21 (관철동 대왕빌딩) 9층,빅데이터분석(with 파이썬)과 엘라스틱서치를 활용한 자바(Java)웹개발자양성,8회차,빅데이터분석(20010105),K-디지털 트레이닝,2024-02-05,2024-09-25,1220,9,9,17.3,14
더조은컴퓨터아카데미 종로,(03189) 서울특별시 종로구 우정국로2길 21 (관철동 대왕빌딩) 9층,빅데이터분석(with 파이썬)과 엘라스틱서치를 활용한 자바(Java)웹개발자양성,9회차,빅데이터분석(20010105),K-디지털 트레이닝,2024-05-22,2025-01-08,1220,15,16,17.3,9
더조은컴퓨터아카데미 종로,(03189) 서울특별시 종로구 우정국로2길 21 (관철동 대왕빌딩) 9층,빅데이터분석(with 파이썬)과 엘라스틱서치를 활용한 자바(Java)웹개발자양성,10회차,빅데이터분석(20010105),K-디지털 트레이닝,2024-08-05,2025-03-24,1220,10,10,17.3,16
케이지에듀원 아이티뱅크종로학원,(03138) 서울특별시 종로구 돈화문로 26 (묘동 단성사) 4층,퍼블릭 클라우드 기반 DevSecOps 융합 인재 양성 과정,1회차,응용SW엔지니어링(20010202),K-디지털 트레이닝,2023-06-26,2023-12-27,960,18,18,16.0,해당 정보 없음
케이지에듀원 아이티뱅크종로학원,(03138) 서울특별시 종로구 돈화문로 26 (묘동 단성사) 4층,퍼블릭 클라우드 기반 DevSecOps 융합 인재 양성 과정,2회차,응용SW엔지니어링(20010202),K-디지털 트레이닝,2023-08-03,2024-02-06,960,25,25,16.0,18
케이지에듀원 아이티뱅크종로학원,(03138) 서울특별시 종로구 돈화문로 26 (묘동 단성사) 4층,퍼블릭 클라우드 기반 DevSecOps 융합 인재 양성 과정,3회차,응용SW엔지니어링(20010202),K-디지털 트레이닝,2024-02-13,2024-08-12,960,18,18,16.0,25
케이지에듀원 아이티뱅크종로학원,(03138) 서울특별시 종로구 돈화문로 26 (묘동 단성사) 4층,퍼블릭 클라우드 기반 DevSecOps 융합 인재 양성 과정,4회차,응용SW엔지니어링(20010202),K-디지털 트레이닝,2024-06-27,2024-12-27,960,21,21,16.0,18
케이지에듀원 아이티뱅크종로학원,(03138) 서울특별시 종로구 돈화문로 26 (묘동 단성사) 4층,퍼블릭 클라우드 기반 DevSecOps 융합 인재 양성 과정,5회차,응용SW엔지니어링(20010202),K-디지털 트레이닝,2024-09-23,2025-03-24,960,14,14,16.0,21
케이지에듀원 아이티뱅크종로학원,(03138) 서울특별시 종로구 돈화문로 26 (묘동 단성사) 4층,퍼블릭 클라우드 기반 DevSecOps 융합 인재 양성 과정,6회차,응용SW엔지니어링(20010202),K-디지털 트레이닝,2025-02-06,2025-08-05,960,0,0,16.0,14
주식회사멋쟁이사자처럼,"(03155) 서울특별시 종로구 종로3길 17 (청진동 D타워) 16, 17층",멋쟁이사자처럼 데이터 분석 스쿨,1회차,빅데이터분석(20010105),K-디지털 트레이닝,2023-11-14,2024-04-19,720,32,32,44.5,해당 정보 없음
주식회사멋쟁이사자처럼,"(03155) 서울특별시 종로구 종로3길 17 (청진동 D타워) 16, 17층",멋쟁이사자처럼 데이터 분석 스쿨,2회차,빅데이터분석(20010105),K-디지털 트레이닝,2024-02-13,2024-07-03,720,55,55,44.5,32
주식회사멋쟁이사자처럼,"(03155) 서울특별시 종로구 종로3길 17 (청진동 D타워) 16, 17층",멋쟁이사자처럼 데이터 분석 스쿨,3회차,빅데이터분석(20010105),K-디지털 트레이닝,2024-08-27,2025-01-23,720,53,53,44.5,55
주식회사멋쟁이사자처럼,"(03155) 서울특별시 종로구 종로3길 17 (청진동 D타워) 16, 17층",멋쟁이사자처럼 데이터 분석 스쿨,4회차,빅데이터분석(20010105),K-디지털 트레이닝,2024-12-19,2025-05-16,720,38,38,44.5,53
주식회사멋쟁이사자처럼,"(03155) 서울특별시 종로구 종로3길 17 (청진동 D타워) 16, 17층",파이썬을 활용한 고도화 백엔드 아키텍처 설계 및 개발 과정,1회차,응용SW엔지니어링(20010202),K-디지털 트레이닝,2023-05-22,2023-10-24,880,30,30,24.0,해당 정보 없음
주식회사멋쟁이사자처럼,"(03155) 서울특별시 종로구 종로3길 17 (청진동 D타워) 16, 17층",파이썬을 활용한 고도화 백엔드 아키텍처 설계 및 개발 과정,2회차,응용SW엔지니어링(20010202),K-디지털 트레이닝,2024-02-19,2024-08-02,880,44,44,24.0,30
주식회사멋쟁이사자처럼,"(03155) 서울특별시 종로구 종로3길 17 (청진동 D타워) 16, 17층",파이썬을 활용한 고도화 백엔드 아키텍처 설계 및 개발 과정,3회차,응용SW엔지니어링(20010202),K-디지털 트레이닝,2024-06-27,2024-12-13,880,19,19,24.0,44
주식회사멋쟁이사자처럼,"(03155) 서울특별시 종로구 종로3길 17 (청진동 D타워) 16, 17층",파이썬을 활용한 고도화 백엔드 아키텍처 설계 및 개발 과정,4회차,응용SW엔지니어링(20010202),K-디지털 트레이닝,2024-10-10,2025-04-08,880,15,15,24.0,19
주식회사멋쟁이사자처럼,"(03155) 서울특별시 종로구 종로3길 17 (청진동 D타워) 16, 17층",파이썬을 활용한 고도화 백엔드 아키텍처 설계 및 개발 과정,5회차,응용SW엔지니어링(20010202),K-디지털 트레이닝,2024-12-30,2025-06-27,880,12,12,24.0,15
케이지에듀원 아이티뱅크종로학원,(03138) 서울특별시 종로구 돈화문로 26 (묘동 단성사) 4층,하이브리드 및 멀티클라우드 아키텍트 양성 과정,1회차,IT시스템관리(20010301),K-디지털 트레이닝,2022-11-28,2023-04-25,800,20,19,18.75,해당 정보 없음
케이지에듀원 아이티뱅크종로학원,(03138) 서울특별시 종로구 돈화문로 26 (묘동 단성사) 4층,하이브리드 및 멀티클라우드 아키텍트 양성 과정,2회차,IT시스템관리(20010301),K-디지털 트레이닝,2023-05-11,2023-10-16,800,25,25,18.75,19
케이지에듀원 아이티뱅크종로학원,(03138) 서울특별시 종로구 돈화문로 26 (묘동 단성사) 4층,하이브리드 및 멀티클라우드 아키텍트 양성 과정,3회차,IT시스템관리(20010301),K-디지털 트레이닝,2023-10-23,2024-03-20,800,21,21,18.75,25
케이지에듀원 아이티뱅크종로학원,(03138) 서울특별시 종로구 돈화문로 26 (묘동 단성사) 4층,하이브리드 및 멀티클라우드 아키텍트 양성 과정,4회차,IT시스템관리(20010301),K-디지털 트레이닝,2024-02-29,2024-08-01,800,11,11,18.75,21
케이지에듀원 아이티뱅크종로학원,(03138) 서울특별시 종로구 돈화문로 26 (묘동 단성사) 4층,하이브리드 및 멀티클라우드 아키텍트 양성 과정,5회차,IT시스템관리(20010301),K-디지털 트레이닝,2024-03-25,2024-08-22,800,22,22,18.75,11
케이지에듀원 아이티뱅크종로학원,(03138) 서울특별시 종로구 돈화문로 26 (묘동 단성사) 4층,하이브리드 및 멀티클라우드 아키텍트 양성 과정,6회차,IT시스템관리(20010301),K-디지털 트레이닝,2024-05-07,2024-10-08,800,18,18,18.75,22
케이지에듀원 아이티뱅크종로학원,(03138) 서울특별시 종로구 돈화문로 26 (묘동 단성사) 4층,하이브리드 및 멀티클라우드 아키텍트 양성 과정,7회차,IT시스템관리(20010301),K-디지털 트레이닝,2024-08-02,2024-12-30,800,15,15,18.75,18
케이지에듀원 아이티뱅크종로학원,(03138) 서울특별시 종로구 돈화문로 26 (묘동 단성사) 4층,하이브리드 및 멀티클라우드 아키텍트 양성 과정,8회차,IT시스템관리(20010301),K-디지털 트레이닝,2024-10-14,2025-03-12,800,19,19,18.75,15
그린컴퓨터아트학원,"(03192) 서울특별시 종로구 수표로 96 (관수동 국일관드림펠리스) 2층, 5층 일부 그린컴퓨터아트학원",『기업연계 프로젝트형』 웹디자인(웹퍼블리셔)&프론트엔드 SW개발자 양성,1회차,응용SW엔지니어링(20010202),K-디지털 트레이닝,2022-10-27,2023-04-19,960,20,20,15.86,해당 정보 없음
그린컴퓨터아트학원,"(03192) 서울특별시 종로구 수표로 96 (관수동 국일관드림펠리스) 2층, 5층 일부 그린컴퓨터아트학원",『기업연계 프로젝트형』 웹디자인(웹퍼블리셔)&프론트엔드 SW개발자 양성,2회차,응용SW엔지니어링(20010202),K-디지털 트레이닝,2022-11-29,2023-05-23,960,20,20,15.86,20
그린컴퓨터아트학원,"(03192) 서울특별시 종로구 수표로 96 (관수동 국일관드림펠리스) 2층, 5층 일부 그린컴퓨터아트학원",『기업연계 프로젝트형』 웹디자인(웹퍼블리셔)&프론트엔드 SW개발자 양성,3회차,응용SW엔지니어링(20010202),K-디지털 트레이닝,2023-05-12,2023-10-31,960,19,19,15.86,20
그린컴퓨터아트학원,"(03192) 서울특별시 종로구 수표로 96 (관수동 국일관드림펠리스) 2층, 5층 일부 그린컴퓨터아트학원",『기업연계 프로젝트형』 웹디자인(웹퍼블리셔)&프론트엔드 SW개발자 양성,4회차,응용SW엔지니어링(20010202),K-디지털 트레이닝,2023-12-27,2024-06-26,960,11,11,15.86,19
그린컴퓨터아트학원,"(03192) 서울특별시 종로구 수표로 96 (관수동 국일관드림펠리스) 2층, 5층 일부 그린컴퓨터아트학원",『기업연계 프로젝트형』 웹디자인(웹퍼블리셔)&프론트엔드 SW개발자 양성,5회차,응용SW엔지니어링(20010202),K-디지털 트레이닝,2024-03-08,2024-09-02,960,15,15,15.86,11
그린컴퓨터아트학원,"(03192) 서울특별시 종로구 수표로 96 (관수동 국일관드림펠리스) 2층, 5층 일부 그린컴퓨터아트학원",『기업연계 프로젝트형』 웹디자인(웹퍼블리셔)&프론트엔드 SW개발자 양성,6회차,응용SW엔지니어링(20010202),K-디지털 트레이닝,2024-07-04,2025-01-07,960,12,12,15.86,15
그린컴퓨터아트학원,"(03192) 서울특별시 종로구 수표로 96 (관수동 국일관드림펠리스) 2층, 5층 일부 그린컴퓨터아트학원",『기업연계 프로젝트형』 웹디자인(웹퍼블리셔)&프론트엔드 SW개발자 양성,7회차,응용SW엔지니어링(20010202),K-디지털 트레이닝,2024-09-23,2025-03-31,960,14,14,15.86,12
주식회사멋쟁이사자처럼,"(03155) 서울특별시 종로구 종로3길 17 (청진동 D타워) 16, 17층",멋쟁이사자처럼 백엔드 스쿨,1회차,응용SW엔지니어링(20010202),K-디지털 트레이닝,2022-06-15,2022-11-11,920,90,90,83.0,해당 정보 없음
주식회사멋쟁이사자처럼,"(03155) 서울특별시 종로구 종로3길 17 (청진동 D타워) 16, 17층",멋쟁이사자처럼 백엔드 스쿨,2회차,응용SW엔지니어링(20010202),K-디지털 트레이닝,2022-09-19,2023-02-17,920,90,90,83.0,90
주식회사멋쟁이사자처럼,"(03155) 서울특별시 종로구 종로3길 17 (청진동 D타워) 16, 17층",멋쟁이사자처럼 백엔드 스쿨,3회차,응용SW엔지니어링(20010202),K-디지털 트레이닝,2023-02-20,2023-07-14,920,98,98,83.0,90
주식회사멋쟁이사자처럼,"(03155) 서울특별시 종로구 종로3길 17 (청진동 D타워) 16, 17층",멋쟁이사자처럼 백엔드 스쿨,4회차,응용SW엔지니어링(20010202),K-디지털 트레이닝,2023-04-17,2023-09-15,920,108,108,83.0,98
주식회사멋쟁이사자처럼,"(03155) 서울특별시 종로구 종로3길 17 (청진동 D타워) 16, 17층",멋쟁이사자처럼 백엔드 스쿨,5회차,응용SW엔지니어링(20010202),K-디지털 트레이닝,2023-10-18,2024-04-04,920,82,82,83.0,108
주식회사멋쟁이사자처럼,"(03155) 서울특별시 종로구 종로3길 17 (청진동 D타워) 16, 17층",멋쟁이사자처럼 백엔드 스쿨,6회차,응용SW엔지니어링(20010202),K-디지털 트레이닝,2023-11-16,2024-05-03,920,53,53,83.0,82
주식회사멋쟁이사자처럼,"(03155) 서울특별시 종로구 종로3길 17 (청진동 D타워) 16, 17층",멋쟁이사자처럼 백엔드 스쿨,7회차,응용SW엔지니어링(20010202),K-디지털 트레이닝,2024-03-11,2024-09-06,920,60,60,83.0,53
이젠아카데미 DX교육센터,"(03189) 서울특별시 종로구 우정국로2길 37(관철동, 청문학원) 5층,6층",AWS 프론트엔드 풀스택 웹서비스개발(데이터분석 플랫폼),1회차,응용SW엔지니어링(20010202),K-디지털 트레이닝,2022-09-22,2023-04-18,860,25,25,22.0,해당 정보 없음
이젠아카데미 DX교육센터,"(03189) 서울특별시 종로구 우정국로2길 37(관철동, 청문학원) 5층,6층",AWS 프론트엔드 풀스택 웹서비스개발(데이터분석 플랫폼),2회차,응용SW엔지니어링(20010202),K-디지털 트레이닝,2023-03-21,2023-08-25,860,30,30,22.0,25
이젠아카데미 DX교육센터,"(03189) 서울특별시 종로구 우정국로2길 37(관철동, 청문학원) 5층,6층",AWS 프론트엔드 풀스택 웹서비스개발(데이터분석 플랫폼),3회차,응용SW엔지니어링(20010202),K-디지털 트레이닝,2023-09-13,2024-02-27,860,24,24,22.0,30
이젠아카데미 DX교육센터,"(03189) 서울특별시 종로구 우정국로2길 37(관철동, 청문학원) 5층,6층",AWS 프론트엔드 풀스택 웹서비스개발(데이터분석 플랫폼),4회차,응용SW엔지니어링(20010202),K-디지털 트레이닝,2023-12-01,2024-05-10,860,11,11,22.0,24
이젠아카데미 DX교육센터,"(03189) 서울특별시 종로구 우정국로2길 37(관철동, 청문학원) 5층,6층",AWS 프론트엔드 풀스택 웹서비스개발(데이터분석 플랫폼),5회차,응용SW엔지니어링(20010202),K-디지털 트레이닝,2024-03-12,2024-08-21,860,20,20,22.0,11
더조은컴퓨터아카데미 종로,(03189) 서울특별시 종로구 우정국로2길 21 (관철동 대왕빌딩) 9층,클라우드(AWS) 환경에서 개발하는 풀스택(프론트엔드&백엔드) 자바(JAVA)웹&앱,1회차,응용SW엔지니어링(20010202),K-디지털 트레이닝,2023-05-10,2023-12-21,1202,18,18,16.6,해당 정보 없음
더조은컴퓨터아카데미 종로,(03189) 서울특별시 종로구 우정국로2길 21 (관철동 대왕빌딩) 9층,클라우드(AWS) 환경에서 개발하는 풀스택(프론트엔드&백엔드) 자바(JAVA)웹&앱,2회차,응용SW엔지니어링(20010202),K-디지털 트레이닝,2023-10-11,2024-05-20,1202,12,13,16.6,18
더조은컴퓨터아카데미 종로,(03189) 서울특별시 종로구 우정국로2길 21 (관철동 대왕빌딩) 9층,클라우드(AWS) 환경에서 개발하는 풀스택(프론트엔드&백엔드) 자바(JAVA)웹&앱,3회차,응용SW엔지니어링(20010202),K-디지털 트레이닝,2023-12-27,2024-08-05,1202,24,24,16.6,13
더조은컴퓨터아카데미 종로,(03189) 서울특별시 종로구 우정국로2길 21 (관철동 대왕빌딩) 9층,클라우드(AWS) 환경에서 개발하는 풀스택(프론트엔드&백엔드) 자바(JAVA)웹&앱,4회차,응용SW엔지니어링(20010202),K-디지털 트레이닝,2024-03-13,2024-10-23,1202,17,17,16.6,24
더조은컴퓨터아카데미 종로,(03189) 서울특별시 종로구 우정국로2길 21 (관철동 대왕빌딩) 9층,클라우드(AWS) 환경에서 개발하는 풀스택(프론트엔드&백엔드) 자바(JAVA)웹&앱,5회차,응용SW엔지니어링(20010202),K-디지털 트레이닝,2024-05-29,2025-01-08,1202,11,11,16.6,17
하이미디어아카데미인재개발원,"(03163) 서울특별시 종로구 인사동길 12 7층, 15층","[실무프로젝트]자바 웹개발자(React, Springboot, intelliJ, AWS)",1회차,응용SW엔지니어링(20010202),K-디지털 트레이닝,2023-12-27,2024-06-19,940,17,17,16.2,해당 정보 없음
하이미디어아카데미인재개발원,"(03163) 서울특별시 종로구 인사동길 12 7층, 15층","[실무프로젝트]자바 웹개발자(React, Springboot, intelliJ, AWS)",2회차,응용SW엔지니어링(20010202),K-디지털 트레이닝,2024-03-18,2024-09-06,940,27,27,16.2,17
하이미디어아카데미인재개발원,"(03163) 서울특별시 종로구 인사동길 12 7층, 15층","[실무프로젝트]자바 웹개발자(React, Springboot, intelliJ, AWS)",3회차,응용SW엔지니어링(20010202),K-디지털 트레이닝,2024-06-17,2024-12-04,940,22,22,16.2,27
하이미디어아카데미인재개발원,"(03163) 서울특별시 종로구 인사동길 12 7층, 15층","[실무프로젝트]자바 웹개발자(React, Springboot, intelliJ, AWS)",4회차,응용SW엔지니어링(20010202),K-디지털 트레이닝,2024-12-09,2025-05-30,940,15,15,16.2,22
하이미디어아카데미인재개발원,"(03163) 서울특별시 종로구 인사동길 12 7층, 15층","[실무프로젝트]자바 웹개발자(React, Springboot, intelliJ, AWS)",5회차,응용SW엔지니어링(20010202),K-디지털 트레이닝,2025-01-08,2025-07-01,940,0,0,16.2,15
주식회사멋쟁이사자처럼,"(03155) 서울특별시 종로구 종로3길 17 (청진동 D타워) 16, 17층",멋쟁이사자처럼 앱/iOS 스쿨,1회차,응용SW엔지니어링(20010202),K-디지털 트레이닝,2022-09-14,2023-02-17,920,90,90,55.57,해당 정보 없음
주식회사멋쟁이사자처럼,"(03155) 서울특별시 종로구 종로3길 17 (청진동 D타워) 16, 17층",멋쟁이사자처럼 앱/iOS 스쿨,2회차,응용SW엔지니어링(20010202),K-디지털 트레이닝,2023-05-22,2023-10-25,920,93,93,55.57,90
주식회사멋쟁이사자처럼,"(03155) 서울특별시 종로구 종로3길 17 (청진동 D타워) 16, 17층",멋쟁이사자처럼 앱/iOS 스쿨,3회차,응용SW엔지니어링(20010202),K-디지털 트레이닝,2023-09-11,2024-02-28,920,61,61,55.57,93
주식회사멋쟁이사자처럼,"(03155) 서울특별시 종로구 종로3길 17 (청진동 D타워) 16, 17층",멋쟁이사자처럼 앱/iOS 스쿨,4회차,응용SW엔지니어링(20010202),K-디지털 트레이닝,2023-11-20,2024-05-03,920,25,25,55.57,61
주식회사멋쟁이사자처럼,"(03155) 서울특별시 종로구 종로3길 17 (청진동 D타워) 16, 17층",멋쟁이사자처럼 앱/iOS 스쿨,5회차,응용SW엔지니어링(20010202),K-디지털 트레이닝,2024-03-25,2024-09-13,920,48,48,55.57,25
주식회사멋쟁이사자처럼,"(03155) 서울특별시 종로구 종로3길 17 (청진동 D타워) 16, 17층",멋쟁이사자처럼 앱/iOS 스쿨,6회차,응용SW엔지니어링(20010202),K-디지털 트레이닝,2024-06-03,2024-11-26,920,27,27,55.57,48
주식회사멋쟁이사자처럼,"(03155) 서울특별시 종로구 종로3길 17 (청진동 D타워) 16, 17층",멋쟁이사자처럼 앱/iOS 스쿨,7회차,응용SW엔지니어링(20010202),K-디지털 트레이닝,2024-12-18,2025-06-13,920,45,45,55.57,27
(주)솔데스크,"(03190) 서울특별시 종로구 종로12길 15 (관철동 종로코아) 5층, 8층, 9층, 10층",Ansible 자동화로 구현한 아마존 AWS 클라우드 환경 DevOps,1회차,IT시스템관리(20010301),K-디지털 트레이닝,2020-11-24,2021-05-25,960,22,22,25.05,해당 정보 없음
(주)솔데스크,"(03190) 서울특별시 종로구 종로12길 15 (관철동 종로코아) 5층, 8층, 9층, 10층",Ansible 자동화로 구현한 아마존 AWS 클라우드 환경 DevOps,2회차,IT시스템관리(20010301),K-디지털 트레이닝,2021-01-05,2021-06-28,960,26,26,25.05,22
(주)솔데스크,"(03190) 서울특별시 종로구 종로12길 15 (관철동 종로코아) 5층, 8층, 9층, 10층",Ansible 자동화로 구현한 아마존 AWS 클라우드 환경 DevOps,3회차,IT시스템관리(20010301),K-디지털 트레이닝,2021-03-03,2021-08-27,960,29,29,25.05,26
(주)솔데스크,"(03190) 서울특별시 종로구 종로12길 15 (관철동 종로코아) 5층, 8층, 9층, 10층",Ansible 자동화로 구현한 아마존 AWS 클라우드 환경 DevOps,4회차,IT시스템관리(20010301),K-디지털 트레이닝,2021-08-31,2022-02-28,960,23,23,25.05,29
(주)솔데스크,"(03190) 서울특별시 종로구 종로12길 15 (관철동 종로코아) 5층, 8층, 9층, 10층",Ansible 자동화로 구현한 아마존 AWS 클라우드 환경 DevOps,5회차,IT시스템관리(20010301),K-디지털 트레이닝,2021-12-07,2022-06-10,960,29,29,25.05,23
(주)솔데스크,"(03190) 서울특별시 종로구 종로12길 15 (관철동 종로코아) 5층, 8층, 9층, 10층",Ansible 자동화로 구현한 아마존 AWS 클라우드 환경 DevOps,6회차,IT시스템관리(20010301),K-디지털 트레이닝,2022-02-15,2022-08-08,960,23,23,25.05,29
(주)솔데스크,"(03190) 서울특별시 종로구 종로12길 15 (관철동 종로코아) 5층, 8층, 9층, 10층",Ansible 자동화로 구현한 아마존 AWS 클라우드 환경 DevOps,7회차,IT시스템관리(20010301),K-디지털 트레이닝,2022-04-19,2022-11-18,960,23,23,25.05,23
(주)솔데스크,"(03190) 서울특별시 종로구 종로12길 15 (관철동 종로코아) 5층, 8층, 9층, 10층",Ansible 자동화로 구현한 아마존 AWS 클라우드 환경 DevOps,8회차,IT시스템관리(20010301),K-디지털 트레이닝,2022-07-20,2023-01-11,960,27,27,25.05,23
(주)솔데스크,"(03190) 서울특별시 종로구 종로12길 15 (관철동 종로코아) 5층, 8층, 9층, 10층",Ansible 자동화로 구현한 아마존 AWS 클라우드 환경 DevOps,9회차,IT시스템관리(20010301),K-디지털 트레이닝,2022-07-26,2023-03-22,960,25,25,25.05,27
(주)솔데스크,"(03190) 서울특별시 종로구 종로12길 15 (관철동 종로코아) 5층, 8층, 9층, 10층",Ansible 자동화로 구현한 아마존 AWS 클라우드 환경 DevOps,10회차,IT시스템관리(20010301),K-디지털 트레이닝,2022-08-09,2023-02-03,960,23,23,25.05,25
(주)솔데스크,"(03190) 서울특별시 종로구 종로12길 15 (관철동 종로코아) 5층, 8층, 9층, 10층",Ansible 자동화로 구현한 아마존 AWS 클라우드 환경 DevOps,11회차,IT시스템관리(20010301),K-디지털 트레이닝,2022-09-14,2023-03-07,960,20,20,25.05,23
(주)솔데스크,"(03190) 서울특별시 종로구 종로12길 15 (관철동 종로코아) 5층, 8층, 9층, 10층",Ansible 자동화로 구현한 아마존 AWS 클라우드 환경 DevOps,12회차,IT시스템관리(20010301),K-디지털 트레이닝,2022-11-22,2023-06-21,960,24,24,25.05,20
(주)솔데스크,"(03190) 서울특별시 종로구 종로12길 15 (관철동 종로코아) 5층, 8층, 9층, 10층",Ansible 자동화로 구현한 아마존 AWS 클라우드 환경 DevOps,13회차,IT시스템관리(20010301),K-디지털 트레이닝,2022-12-27,2023-06-27,960,21,21,25.05,24
(주)솔데스크,"(03190) 서울특별시 종로구 종로12길 15 (관철동 종로코아) 5층, 8층, 9층, 10층",Ansible 자동화로 구현한 아마존 AWS 클라우드 환경 DevOps,14회차,IT시스템관리(20010301),K-디지털 트레이닝,2023-01-17,2023-07-14,960,29,29,25.05,21
(주)솔데스크,"(03190) 서울특별시 종로구 종로12길 15 (관철동 종로코아) 5층, 8층, 9층, 10층",Ansible 자동화로 구현한 아마존 AWS 클라우드 환경 DevOps,15회차,IT시스템관리(20010301),K-디지털 트레이닝,2023-02-28,2023-08-23,960,30,30,25.05,29
(주)솔데스크,"(03190) 서울특별시 종로구 종로12길 15 (관철동 종로코아) 5층, 8층, 9층, 10층",Ansible 자동화로 구현한 아마존 AWS 클라우드 환경 DevOps,16회차,IT시스템관리(20010301),K-디지털 트레이닝,2023-06-23,2024-02-07,960,30,30,25.05,30
(주)솔데스크,"(03190) 서울특별시 종로구 종로12길 15 (관철동 종로코아) 5층, 8층, 9층, 10층",Ansible 자동화로 구현한 아마존 AWS 클라우드 환경 DevOps,17회차,IT시스템관리(20010301),K-디지털 트레이닝,2023-07-18,2024-01-11,960,28,28,25.05,30
(주)솔데스크,"(03190) 서울특별시 종로구 종로12길 15 (관철동 종로코아) 5층, 8층, 9층, 10층",Ansible 자동화로 구현한 아마존 AWS 클라우드 환경 DevOps,18회차,IT시스템관리(20010301),K-디지털 트레이닝,2023-08-16,2024-02-08,960,21,21,25.05,28
(주)솔데스크,"(03190) 서울특별시 종로구 종로12길 15 (관철동 종로코아) 5층, 8층, 9층, 10층",Ansible 자동화로 구현한 아마존 AWS 클라우드 환경 DevOps,19회차,IT시스템관리(20010301),K-디지털 트레이닝,2024-04-16,2024-10-15,960,24,23,25.05,21
주식회사멋쟁이사자처럼,"(03155) 서울특별시 종로구 종로3길 17 (청진동 D타워) 16, 17층",멋쟁이사자처럼 블록체인 스쿨,1회차,응용SW엔지니어링(20010202),K-디지털 트레이닝,2022-09-14,2023-01-13,720,70,70,35.2,해당 정보 없음
주식회사멋쟁이사자처럼,"(03155) 서울특별시 종로구 종로3길 17 (청진동 D타워) 16, 17층",멋쟁이사자처럼 블록체인 스쿨,2회차,응용SW엔지니어링(20010202),K-디지털 트레이닝,2023-03-10,2023-07-14,720,43,43,35.2,70
주식회사멋쟁이사자처럼,"(03155) 서울특별시 종로구 종로3길 17 (청진동 D타워) 16, 17층",멋쟁이사자처럼 블록체인 스쿨,3회차,응용SW엔지니어링(20010202),K-디지털 트레이닝,2023-10-18,2024-02-29,720,28,28,35.2,43
주식회사멋쟁이사자처럼,"(03155) 서울특별시 종로구 종로3길 17 (청진동 D타워) 16, 17층",멋쟁이사자처럼 블록체인 스쿨,4회차,응용SW엔지니어링(20010202),K-디지털 트레이닝,2024-04-18,2024-08-30,720,23,23,35.2,28
주식회사멋쟁이사자처럼,"(03155) 서울특별시 종로구 종로3길 17 (청진동 D타워) 16, 17층",멋쟁이사자처럼 블록체인 스쿨,5회차,응용SW엔지니어링(20010202),K-디지털 트레이닝,2024-11-20,2025-04-09,720,12,12,35.2,23
주식회사멋쟁이사자처럼,"(03155) 서울특별시 종로구 종로3길 17 (청진동 D타워) 16, 17층",멋쟁이사자처럼 프론트엔드 스쿨,1회차,응용SW엔지니어링(20010202),K-디지털 트레이닝,2021-10-29,2022-01-27,760,60,60,72.91,해당 정보 없음
주식회사멋쟁이사자처럼,"(03155) 서울특별시 종로구 종로3길 17 (청진동 D타워) 16, 17층",멋쟁이사자처럼 프론트엔드 스쿨,2회차,응용SW엔지니어링(20010202),K-디지털 트레이닝,2021-10-29,2022-01-27,760,60,60,72.91,60
주식회사멋쟁이사자처럼,"(03155) 서울특별시 종로구 종로3길 17 (청진동 D타워) 16, 17층",멋쟁이사자처럼 프론트엔드 스쿨,3회차,응용SW엔지니어링(20010202),K-디지털 트레이닝,2022-03-28,2022-08-01,760,70,70,72.91,60
주식회사멋쟁이사자처럼,"(03155) 서울특별시 종로구 종로3길 17 (청진동 D타워) 16, 17층",멋쟁이사자처럼 프론트엔드 스쿨,4회차,응용SW엔지니어링(20010202),K-디지털 트레이닝,2022-08-29,2023-01-06,760,100,100,72.91,70
주식회사멋쟁이사자처럼,"(03155) 서울특별시 종로구 종로3길 17 (청진동 D타워) 16, 17층",멋쟁이사자처럼 프론트엔드 스쿨,5회차,응용SW엔지니어링(20010202),K-디지털 트레이닝,2022-11-28,2023-03-29,760,110,110,72.91,100
주식회사멋쟁이사자처럼,"(03155) 서울특별시 종로구 종로3길 17 (청진동 D타워) 16, 17층",멋쟁이사자처럼 프론트엔드 스쿨,6회차,응용SW엔지니어링(20010202),K-디지털 트레이닝,2023-02-27,2023-06-30,760,99,99,72.91,110
주식회사멋쟁이사자처럼,"(03155) 서울특별시 종로구 종로3길 17 (청진동 D타워) 16, 17층",멋쟁이사자처럼 프론트엔드 스쿨,7회차,응용SW엔지니어링(20010202),K-디지털 트레이닝,2023-05-24,2023-09-26,760,71,71,72.91,99
주식회사멋쟁이사자처럼,"(03155) 서울특별시 종로구 종로3길 17 (청진동 D타워) 16, 17층",멋쟁이사자처럼 프론트엔드 스쿨,8회차,응용SW엔지니어링(20010202),K-디지털 트레이닝,2023-07-03,2023-11-10,760,88,88,72.91,71
주식회사멋쟁이사자처럼,"(03155) 서울특별시 종로구 종로3길 17 (청진동 D타워) 16, 17층",멋쟁이사자처럼 프론트엔드 스쿨,9회차,응용SW엔지니어링(20010202),K-디지털 트레이닝,2023-10-23,2024-03-15,760,44,44,72.91,88
주식회사멋쟁이사자처럼,"(03155) 서울특별시 종로구 종로3길 17 (청진동 D타워) 16, 17층",멋쟁이사자처럼 프론트엔드 스쿨,10회차,응용SW엔지니어링(20010202),K-디지털 트레이닝,2023-12-04,2024-04-26,760,40,40,72.91,44
주식회사멋쟁이사자처럼,"(03155) 서울특별시 종로구 종로3길 17 (청진동 D타워) 16, 17층",멋쟁이사자처럼 프론트엔드 스쿨,11회차,응용SW엔지니어링(20010202),K-디지털 트레이닝,2024-04-22,2024-09-25,760,60,60,72.91,40
하이미디어아카데미인재개발원,"(03163) 서울특별시 종로구 인사동길 12 7층, 15층",(디지털컨버전스)React.js와 Spring 활용 자바(JAVA) 풀스택(FrontEnd & BackEnd)개발3,1회차,응용SW엔지니어링(20010202),국가기간전략산업직종훈련,2024-04-22,2024-10-07,900,19,19,19.0,해당 정보 없음
주식회사멋쟁이사자처럼,"(03155) 서울특별시 종로구 종로3길 17 (청진동 D타워) 16, 17층",실전 Unity 게임 개발: 모바일 콘텐츠 제작 기술 과정,1회차,응용SW엔지니어링(20010202),K-디지털 트레이닝,2024-05-29,2024-11-22,920,57,57,78.67,해당 정보 없음
주식회사멋쟁이사자처럼,"(03155) 서울특별시 종로구 종로3길 17 (청진동 D타워) 16, 17층",실전 Unity 게임 개발: 모바일 콘텐츠 제작 기술 과정,2회차,응용SW엔지니어링(20010202),K-디지털 트레이닝,2024-09-23,2025-03-21,920,59,59,78.67,57
주식회사멋쟁이사자처럼,"(03155) 서울특별시 종로구 종로3길 17 (청진동 D타워) 16, 17층",실전 Unity 게임 개발: 모바일 콘텐츠 제작 기술 과정,3회차,응용SW엔지니어링(20010202),K-디지털 트레이닝,2024-11-19,2025-05-16,920,120,120,78.67,59
대한상공회의소,(04513) 서울특별시 중구 세종대로 39 17층 대한상공회의소 인력개발사업단,[마이크로소프트] Microsoft AI School,1회차,응용SW엔지니어링(20010202),K-디지털 트레이닝,2022-09-30,2023-03-22,956,19,19,27.74,해당 정보 없음
대한상공회의소,(04513) 서울특별시 중구 세종대로 39 17층 대한상공회의소 인력개발사업단,[마이크로소프트] Microsoft AI School,2회차,응용SW엔지니어링(20010202),K-디지털 트레이닝,2022-09-30,2023-03-22,956,23,23,27.74,19
대한상공회의소,(04513) 서울특별시 중구 세종대로 39 17층 대한상공회의소 인력개발사업단,[마이크로소프트] Microsoft AI School,3회차,응용SW엔지니어링(20010202),K-디지털 트레이닝,2022-09-30,2023-03-22,956,22,22,27.74,23
대한상공회의소,(04513) 서울특별시 중구 세종대로 39 17층 대한상공회의소 인력개발사업단,[마이크로소프트] Microsoft AI School,4회차,응용SW엔지니어링(20010202),K-디지털 트레이닝,2023-04-03,2023-09-19,956,22,22,27.74,22
대한상공회의소,(04513) 서울특별시 중구 세종대로 39 17층 대한상공회의소 인력개발사업단,[마이크로소프트] Microsoft AI School,5회차,응용SW엔지니어링(20010202),K-디지털 트레이닝,2023-04-03,2023-09-19,956,20,20,27.74,22
대한상공회의소,(04513) 서울특별시 중구 세종대로 39 17층 대한상공회의소 인력개발사업단,[마이크로소프트] Microsoft AI School,6회차,응용SW엔지니어링(20010202),K-디지털 트레이닝,2023-04-03,2023-09-19,956,16,16,27.74,20
대한상공회의소,(04513) 서울특별시 중구 세종대로 39 17층 대한상공회의소 인력개발사업단,[마이크로소프트] Microsoft AI School,7회차,응용SW엔지니어링(20010202),K-디지털 트레이닝,2023-04-03,2023-09-19,956,22,22,27.74,16
대한상공회의소,(04513) 서울특별시 중구 세종대로 39 17층 대한상공회의소 인력개발사업단,[마이크로소프트] Microsoft AI School,8회차,응용SW엔지니어링(20010202),K-디지털 트레이닝,2023-04-03,2023-09-19,956,20,20,27.74,22
대한상공회의소,(04513) 서울특별시 중구 세종대로 39 17층 대한상공회의소 인력개발사업단,[마이크로소프트] Microsoft AI School,9회차,응용SW엔지니어링(20010202),K-디지털 트레이닝,2023-04-03,2023-09-19,956,20,20,27.74,20
대한상공회의소,(04513) 서울특별시 중구 세종대로 39 17층 대한상공회의소 인력개발사업단,[마이크로소프트] Microsoft AI School,10회차,응용SW엔지니어링(20010202),K-디지털 트레이닝,2023-06-26,2023-12-15,956,25,25,27.74,20
대한상공회의소,(04513) 서울특별시 중구 세종대로 39 17층 대한상공회의소 인력개발사업단,[마이크로소프트] Microsoft AI School,11회차,응용SW엔지니어링(20010202),K-디지털 트레이닝,2023-06-26,2023-12-15,956,22,22,27.74,25
대한상공회의소,(04513) 서울특별시 중구 세종대로 39 17층 대한상공회의소 인력개발사업단,[마이크로소프트] Microsoft AI School,12회차,응용SW엔지니어링(20010202),K-디지털 트레이닝,2023-06-26,2023-12-15,956,29,29,27.74,22
대한상공회의소,(04513) 서울특별시 중구 세종대로 39 17층 대한상공회의소 인력개발사업단,[마이크로소프트] Microsoft AI School,13회차,응용SW엔지니어링(20010202),K-디지털 트레이닝,2023-06-26,2023-12-15,956,19,19,27.74,29
대한상공회의소,(04513) 서울특별시 중구 세종대로 39 17층 대한상공회의소 인력개발사업단,[마이크로소프트] Microsoft AI School,14회차,응용SW엔지니어링(20010202),K-디지털 트레이닝,2024-06-03,2024-10-31,956,28,27,27.74,19
대한상공회의소,(04513) 서울특별시 중구 세종대로 39 17층 대한상공회의소 인력개발사업단,[마이크로소프트] Microsoft AI School,15회차,응용SW엔지니어링(20010202),K-디지털 트레이닝,2024-06-03,2024-10-31,956,26,26,27.74,27
대한상공회의소,(04513) 서울특별시 중구 세종대로 39 17층 대한상공회의소 인력개발사업단,[마이크로소프트] Microsoft AI School,16회차,응용SW엔지니어링(20010202),K-디지털 트레이닝,2024-09-02,2025-02-27,956,51,51,27.74,26
대한상공회의소,(04513) 서울특별시 중구 세종대로 39 17층 대한상공회의소 인력개발사업단,[마이크로소프트] Microsoft AI School,17회차,응용SW엔지니어링(20010202),K-디지털 트레이닝,2024-09-02,2025-02-27,956,43,43,27.74,51
대한상공회의소,(04513) 서울특별시 중구 세종대로 39 17층 대한상공회의소 인력개발사업단,[마이크로소프트] Microsoft AI School,18회차,응용SW엔지니어링(20010202),K-디지털 트레이닝,2024-12-16,2025-06-13,956,58,58,27.74,43
대한상공회의소,(04513) 서울특별시 중구 세종대로 39 17층 대한상공회의소 인력개발사업단,[마이크로소프트] Microsoft AI School,19회차,응용SW엔지니어링(20010202),K-디지털 트레이닝,2024-12-16,2025-06-13,956,43,43,27.74,58
주식회사멋쟁이사자처럼,"(03155) 서울특별시 종로구 종로3길 17 (청진동 D타워) 16, 17층",클라우드 커리어의 시작: AWS 기반 DevOps 엔지니어 교육,1회차,클라우드인프라스트럭쳐엔지니어링(20010215),K-디지털 트레이닝,2024-06-10,2024-11-07,800,30,30,30.0,해당 정보 없음
주식회사멋쟁이사자처럼,"(03155) 서울특별시 종로구 종로3길 17 (청진동 D타워) 16, 17층",클라우드 커리어의 시작: AWS 기반 DevOps 엔지니어 교육,2회차,클라우드인프라스트럭쳐엔지니어링(20010215),K-디지털 트레이닝,2024-10-24,2025-03-25,800,30,30,30.0,30
한국표준협회,(06160) 서울특별시 강남구 테헤란로69길 5 (삼성동) DT센터,[코오롱 베니트]하이브리드 클라우드 컨테이너 플랫폼 설계 및 구현 과정,1회차,IT시스템관리(20010301),K-디지털 트레이닝,2024-06-18,2024-12-30,1040,21,21,24.67,해당 정보 없음
한국표준협회,(06160) 서울특별시 강남구 테헤란로69길 5 (삼성동) DT센터,[코오롱 베니트]하이브리드 클라우드 컨테이너 플랫폼 설계 및 구현 과정,2회차,IT시스템관리(20010301),K-디지털 트레이닝,2024-08-06,2025-04-25,1040,27,27,24.67,21
한국표준협회,(06160) 서울특별시 강남구 테헤란로69길 5 (삼성동) DT센터,[코오롱 베니트]하이브리드 클라우드 컨테이너 플랫폼 설계 및 구현 과정,3회차,IT시스템관리(20010301),K-디지털 트레이닝,2024-07-23,2025-04-10,1040,26,26,24.67,27
하이미디어아카데미인재개발원,"(03163) 서울특별시 종로구 인사동길 12 7층, 15층",심화_클라우드활용 백엔드 마스터 실무프로젝트 부트캠프,1회차,응용SW엔지니어링(20010202),K-디지털 트레이닝,2024-06-25,2024-08-21,344,20,20,20.0,해당 정보 없음
주식회사멋쟁이사자처럼,"(03155) 서울특별시 종로구 종로3길 17 (청진동 D타워) 16, 17층",멋쟁이사자처럼 프론트엔드 스쿨(심화),1회차,응용SW엔지니어링(20010202),K-디지털 트레이닝,2023-10-23,2023-12-26,343,45,45,35.67,해당 정보 없음
주식회사멋쟁이사자처럼,"(03155) 서울특별시 종로구 종로3길 17 (청진동 D타워) 16, 17층",멋쟁이사자처럼 프론트엔드 스쿨(심화),2회차,응용SW엔지니어링(20010202),K-디지털 트레이닝,2024-06-27,2024-08-28,343,31,31,35.67,45
주식회사멋쟁이사자처럼,"(03155) 서울특별시 종로구 종로3길 17 (청진동 D타워) 16, 17층",멋쟁이사자처럼 프론트엔드 스쿨(심화),3회차,응용SW엔지니어링(20010202),K-디지털 트레이닝,2024-12-30,2025-03-17,343,31,31,35.67,31
대한상공회의소,(04513) 서울특별시 중구 세종대로 39 17층 대한상공회의소 인력개발사업단,SAP Young Next Cloud Academy,1회차,응용SW엔지니어링(20010202),K-디지털 트레이닝,2022-06-20,2022-12-09,960,25,25,24.84,해당 정보 없음
대한상공회의소,(04513) 서울특별시 중구 세종대로 39 17층 대한상공회의소 인력개발사업단,SAP Young Next Cloud Academy,2회차,응용SW엔지니어링(20010202),K-디지털 트레이닝,2022-06-20,2022-12-09,960,25,25,24.84,25
대한상공회의소,(04513) 서울특별시 중구 세종대로 39 17층 대한상공회의소 인력개발사업단,SAP Young Next Cloud Academy,3회차,응용SW엔지니어링(20010202),K-디지털 트레이닝,2022-06-20,2022-12-09,960,25,25,24.84,25
대한상공회의소,(04513) 서울특별시 중구 세종대로 39 17층 대한상공회의소 인력개발사업단,SAP Young Next Cloud Academy,4회차,응용SW엔지니어링(20010202),K-디지털 트레이닝,2022-06-20,2022-12-09,960,25,25,24.84,25
대한상공회의소,(04513) 서울특별시 중구 세종대로 39 17층 대한상공회의소 인력개발사업단,SAP Young Next Cloud Academy,5회차,응용SW엔지니어링(20010202),K-디지털 트레이닝,2022-06-20,2022-12-09,960,25,25,24.84,25
대한상공회의소,(04513) 서울특별시 중구 세종대로 39 17층 대한상공회의소 인력개발사업단,SAP Young Next Cloud Academy,6회차,응용SW엔지니어링(20010202),K-디지털 트레이닝,2022-06-20,2022-12-09,960,25,25,24.84,25
대한상공회의소,(04513) 서울특별시 중구 세종대로 39 17층 대한상공회의소 인력개발사업단,SAP Young Next Cloud Academy,7회차,응용SW엔지니어링(20010202),K-디지털 트레이닝,2022-12-26,2023-06-16,960,25,25,24.84,25
대한상공회의소,(04513) 서울특별시 중구 세종대로 39 17층 대한상공회의소 인력개발사업단,SAP Young Next Cloud Academy,8회차,응용SW엔지니어링(20010202),K-디지털 트레이닝,2022-12-26,2023-06-16,960,25,25,24.84,25
대한상공회의소,(04513) 서울특별시 중구 세종대로 39 17층 대한상공회의소 인력개발사업단,SAP Young Next Cloud Academy,9회차,응용SW엔지니어링(20010202),K-디지털 트레이닝,2022-12-26,2023-06-16,960,25,25,24.84,25
대한상공회의소,(04513) 서울특별시 중구 세종대로 39 17층 대한상공회의소 인력개발사업단,SAP Young Next Cloud Academy,10회차,응용SW엔지니어링(20010202),K-디지털 트레이닝,2022-12-26,2023-06-16,960,25,25,24.84,25
대한상공회의소,(04513) 서울특별시 중구 세종대로 39 17층 대한상공회의소 인력개발사업단,SAP Young Next Cloud Academy,11회차,응용SW엔지니어링(20010202),K-디지털 트레이닝,2022-12-26,2023-06-16,960,25,25,24.84,25
대한상공회의소,(04513) 서울특별시 중구 세종대로 39 17층 대한상공회의소 인력개발사업단,SAP Young Next Cloud Academy,12회차,응용SW엔지니어링(20010202),K-디지털 트레이닝,2022-12-26,2023-06-16,960,25,25,24.84,25
대한상공회의소,(04513) 서울특별시 중구 세종대로 39 17층 대한상공회의소 인력개발사업단,SAP Young Next Cloud Academy,13회차,응용SW엔지니어링(20010202),K-디지털 트레이닝,2023-06-27,2023-12-20,960,25,25,24.84,25
대한상공회의소,(04513) 서울특별시 중구 세종대로 39 17층 대한상공회의소 인력개발사업단,SAP Young Next Cloud Academy,14회차,응용SW엔지니어링(20010202),K-디지털 트레이닝,2023-06-27,2023-12-20,960,25,25,24.84,25
대한상공회의소,(04513) 서울특별시 중구 세종대로 39 17층 대한상공회의소 인력개발사업단,SAP Young Next Cloud Academy,15회차,응용SW엔지니어링(20010202),K-디지털 트레이닝,2023-06-27,2023-12-20,960,25,25,24.84,25
대한상공회의소,(04513) 서울특별시 중구 세종대로 39 17층 대한상공회의소 인력개발사업단,SAP Young Next Cloud Academy,16회차,응용SW엔지니어링(20010202),K-디지털 트레이닝,2023-06-27,2023-12-20,960,24,24,24.84,25
대한상공회의소,(04513) 서울특별시 중구 세종대로 39 17층 대한상공회의소 인력개발사업단,SAP Young Next Cloud Academy,17회차,응용SW엔지니어링(20010202),K-디지털 트레이닝,2023-06-27,2023-12-20,960,25,25,24.84,24
대한상공회의소,(04513) 서울특별시 중구 세종대로 39 17층 대한상공회의소 인력개발사업단,SAP Young Next Cloud Academy,18회차,응용SW엔지니어링(20010202),K-디지털 트레이닝,2023-06-27,2023-12-20,960,25,25,24.84,25
대한상공회의소,(04513) 서울특별시 중구 세종대로 39 17층 대한상공회의소 인력개발사업단,SAP Young Next Cloud Academy,19회차,응용SW엔지니어링(20010202),K-디지털 트레이닝,2023-06-27,2023-12-20,960,20,20,24.84,25
대한상공회의소,(04513) 서울특별시 중구 세종대로 39 17층 대한상공회의소 인력개발사업단,SAP Young Next Cloud Academy,20회차,응용SW엔지니어링(20010202),K-디지털 트레이닝,2023-12-28,2024-06-25,960,25,25,24.84,20
대한상공회의소,(04513) 서울특별시 중구 세종대로 39 17층 대한상공회의소 인력개발사업단,SAP Young Next Cloud Academy,21회차,응용SW엔지니어링(20010202),K-디지털 트레이닝,2023-12-28,2024-06-25,960,25,25,24.84,25
대한상공회의소,(04513) 서울특별시 중구 세종대로 39 17층 대한상공회의소 인력개발사업단,SAP Young Next Cloud Academy,22회차,응용SW엔지니어링(20010202),K-디지털 트레이닝,2023-12-28,2024-06-25,960,25,25,24.84,25
대한상공회의소,(04513) 서울특별시 중구 세종대로 39 17층 대한상공회의소 인력개발사업단,SAP Young Next Cloud Academy,23회차,응용SW엔지니어링(20010202),K-디지털 트레이닝,2023-12-28,2024-06-25,960,25,25,24.84,25
대한상공회의소,(04513) 서울특별시 중구 세종대로 39 17층 대한상공회의소 인력개발사업단,SAP Young Next Cloud Academy,24회차,응용SW엔지니어링(20010202),K-디지털 트레이닝,2023-12-28,2024-06-25,960,25,25,24.84,25
대한상공회의소,(04513) 서울특별시 중구 세종대로 39 17층 대한상공회의소 인력개발사업단,SAP Young Next Cloud Academy,25회차,응용SW엔지니어링(20010202),K-디지털 트레이닝,2023-12-28,2024-06-25,960,25,25,24.84,25
대한상공회의소,(04513) 서울특별시 중구 세종대로 39 17층 대한상공회의소 인력개발사업단,SAP Young Next Cloud Academy,26회차,응용SW엔지니어링(20010202),K-디지털 트레이닝,2024-07-01,2024-12-24,960,25,25,24.84,25
대한상공회의소,(04513) 서울특별시 중구 세종대로 39 17층 대한상공회의소 인력개발사업단,SAP Young Next Cloud Academy,27회차,응용SW엔지니어링(20010202),K-디지털 트레이닝,2024-07-01,2024-12-24,960,25,25,24.84,25
대한상공회의소,(04513) 서울특별시 중구 세종대로 39 17층 대한상공회의소 인력개발사업단,SAP Young Next Cloud Academy,28회차,응용SW엔지니어링(20010202),K-디지털 트레이닝,2024-07-01,2024-12-24,960,25,25,24.84,25
대한상공회의소,(04513) 서울특별시 중구 세종대로 39 17층 대한상공회의소 인력개발사업단,SAP Young Next Cloud Academy,29회차,응용SW엔지니어링(20010202),K-디지털 트레이닝,2024-07-01,2024-12-24,960,25,25,24.84,25
대한상공회의소,(04513) 서울특별시 중구 세종대로 39 17층 대한상공회의소 인력개발사업단,SAP Young Next Cloud Academy,30회차,응용SW엔지니어링(20010202),K-디지털 트레이닝,2024-07-01,2024-12-24,960,25,25,24.84,25
대한상공회의소,(04513) 서울특별시 중구 세종대로 39 17층 대한상공회의소 인력개발사업단,SAP Young Next Cloud Academy,31회차,응용SW엔지니어링(20010202),K-디지털 트레이닝,2024-07-01,2024-12-24,960,25,25,24.84,25
대한상공회의소,(04513) 서울특별시 중구 세종대로 39 17층 대한상공회의소 인력개발사업단,SAP Young Next Cloud Academy,32회차,응용SW엔지니어링(20010202),K-디지털 트레이닝,2024-12-30,2025-06-25,960,25,25,24.84,25
대한상공회의소,(04513) 서울특별시 중구 세종대로 39 17층 대한상공회의소 인력개발사업단,SAP Young Next Cloud Academy,33회차,응용SW엔지니어링(20010202),K-디지털 트레이닝,2024-12-30,2025-06-25,960,25,25,24.84,25
대한상공회의소,(04513) 서울특별시 중구 세종대로 39 17층 대한상공회의소 인력개발사업단,SAP Young Next Cloud Academy,34회차,응용SW엔지니어링(20010202),K-디지털 트레이닝,2024-12-30,2025-06-25,960,25,25,24.84,25
대한상공회의소,(04513) 서울특별시 중구 세종대로 39 17층 대한상공회의소 인력개발사업단,SAP Young Next Cloud Academy,35회차,응용SW엔지니어링(20010202),K-디지털 트레이닝,2024-12-30,2025-06-25,960,25,25,24.84,25
대한상공회의소,(04513) 서울특별시 중구 세종대로 39 17층 대한상공회의소 인력개발사업단,SAP Young Next Cloud Academy,36회차,응용SW엔지니어링(20010202),K-디지털 트레이닝,2024-12-30,2025-06-25,960,25,25,24.84,25
대한상공회의소,(04513) 서울특별시 중구 세종대로 39 17층 대한상공회의소 인력개발사업단,SAP Young Next Cloud Academy,37회차,응용SW엔지니어링(20010202),K-디지털 트레이닝,2024-12-30,2025-06-25,960,25,25,24.84,25
(주)솔데스크,"(03190) 서울특별시 종로구 종로12길 15 (관철동 종로코아) 5층, 8층, 9층, 10층",AWS와 Azure 기반 하이브리드 멀티클라우드 DevOps,1회차,클라우드인프라스트럭쳐엔지니어링(20010215),K-디지털 트레이닝,2024-07-09,2025-01-06,960,27,27,13.0,해당 정보 없음
(주)솔데스크,"(03190) 서울특별시 종로구 종로12길 15 (관철동 종로코아) 5층, 8층, 9층, 10층",AWS와 Azure 기반 하이브리드 멀티클라우드 DevOps,2회차,클라우드인프라스트럭쳐엔지니어링(20010215),K-디지털 트레이닝,2024-10-15,2025-04-15,960,17,17,13.0,27
(주)솔데스크,"(03190) 서울특별시 종로구 종로12길 15 (관철동 종로코아) 5층, 8층, 9층, 10층",AWS와 Azure 기반 하이브리드 멀티클라우드 DevOps,3회차,클라우드인프라스트럭쳐엔지니어링(20010215),K-디지털 트레이닝,2024-11-12,2025-05-14,960,21,21,13.0,17
(주)솔데스크,"(03190) 서울특별시 종로구 종로12길 15 (관철동 종로코아) 5층, 8층, 9층, 10층",AWS와 Azure 기반 하이브리드 멀티클라우드 DevOps,4회차,클라우드인프라스트럭쳐엔지니어링(20010215),K-디지털 트레이닝,2025-02-04,2025-07-29,960,23,0,13.0,21
(주)솔데스크,"(03190) 서울특별시 종로구 종로12길 15 (관철동 종로코아) 5층, 8층, 9층, 10층",AWS와 Azure 기반 하이브리드 멀티클라우드 DevOps,5회차,클라우드인프라스트럭쳐엔지니어링(20010215),K-디지털 트레이닝,2025-01-15,2025-07-11,960,0,0,13.0,해당 정보 없음
주식회사멋쟁이사자처럼,"(03155) 서울특별시 종로구 종로3길 17 (청진동 D타워) 16, 17층",웹 서비스 프로젝트 기반 프론트엔드 엔지니어 부트캠프,1회차,응용SW엔지니어링(20010202),K-디지털 트레이닝,2024-07-24,2025-01-24,920,32,32,16.0,해당 정보 없음
주식회사멋쟁이사자처럼,"(03155) 서울특별시 종로구 종로3길 17 (청진동 D타워) 16, 17층",웹 서비스 프로젝트 기반 프론트엔드 엔지니어 부트캠프,2회차,응용SW엔지니어링(20010202),K-디지털 트레이닝,2025-02-05,2025-08-08,920,50,0,16.0,32
더조은컴퓨터아카데미 종로,(03189) 서울특별시 종로구 우정국로2길 21 (관철동 대왕빌딩) 9층,"프로젝트 기반 풀스택(프론트/백엔드) 개발자 취업캠프(리액트,자바,스프링부트)",1회차,응용SW엔지니어링(20010202),K-디지털 트레이닝,2024-07-29,2025-03-13,1206,9,9,4.5,해당 정보 없음
더조은컴퓨터아카데미 종로,(03189) 서울특별시 종로구 우정국로2길 21 (관철동 대왕빌딩) 9층,"프로젝트 기반 풀스택(프론트/백엔드) 개발자 취업캠프(리액트,자바,스프링부트)",2회차,응용SW엔지니어링(20010202),K-디지털 트레이닝,2025-01-15,2025-08-25,1206,20,18,4.5,9
더조은컴퓨터아카데미 종로,(03189) 서울특별시 종로구 우정국로2길 21 (관철동 대왕빌딩) 9층,"프로젝트 기반 풀스택(프론트/백엔드) 개발자 취업캠프(리액트,자바,스프링부트)",3회차,응용SW엔지니어링(20010202),K-디지털 트레이닝,2025-02-13,2025-09-18,1206,0,0,4.5,18
더조은컴퓨터아카데미 종로,(03189) 서울특별시 종로구 우정국로2길 21 (관철동 대왕빌딩) 9층,"프로젝트 기반 풀스택(프론트/백엔드) 개발자 취업캠프(리액트,자바,스프링부트)",4회차,응용SW엔지니어링(20010202),K-디지털 트레이닝,2025-01-23,2025-09-03,1206,0,0,4.5,해당 정보 없음
더조은컴퓨터아카데미 종로,(03189) 서울특별시 종로구 우정국로2길 21 (관철동 대왕빌딩) 9층,"프로젝트 기반 풀스택(프론트/백엔드) 개발자 취업캠프(리액트,자바,스프링부트)",5회차,응용SW엔지니어링(20010202),K-디지털 트레이닝,2025-01-31,2025-09-05,1206,0,0,4.5,해당 정보 없음
더조은컴퓨터아카데미 종로,(03189) 서울특별시 종로구 우정국로2길 21 (관철동 대왕빌딩) 9층,"프로젝트 기반 풀스택(프론트/백엔드) 개발자 취업캠프(리액트,자바,스프링부트)",6회차,응용SW엔지니어링(20010202),K-디지털 트레이닝,2025-02-06,2025-09-11,1206,0,0,4.5,해당 정보 없음
대한상공회의소,(04513) 서울특별시 중구 세종대로 39 17층 대한상공회의소 인력개발사업단,[GSITM] 부트캠프,1회차,응용SW엔지니어링(20010202),K-디지털 트레이닝,2023-12-29,2024-08-23,640,14,14,15.57,해당 정보 없음
대한상공회의소,(04513) 서울특별시 중구 세종대로 39 17층 대한상공회의소 인력개발사업단,[GSITM] 부트캠프,2회차,응용SW엔지니어링(20010202),K-디지털 트레이닝,2024-03-05,2024-07-02,640,24,24,15.57,14
대한상공회의소,(04513) 서울특별시 중구 세종대로 39 17층 대한상공회의소 인력개발사업단,[GSITM] 부트캠프,3회차,응용SW엔지니어링(20010202),K-디지털 트레이닝,2024-03-29,2024-07-25,640,27,27,15.57,24
대한상공회의소,(04513) 서울특별시 중구 세종대로 39 17층 대한상공회의소 인력개발사업단,[GSITM] 부트캠프,4회차,응용SW엔지니어링(20010202),K-디지털 트레이닝,2024-05-23,2024-09-13,640,25,25,15.57,27
대한상공회의소,(04513) 서울특별시 중구 세종대로 39 17층 대한상공회의소 인력개발사업단,[GSITM] 부트캠프,6회차,응용SW엔지니어링(20010202),K-디지털 트레이닝,2024-07-30,2024-11-26,640,0,0,15.57,25
대한상공회의소,(04513) 서울특별시 중구 세종대로 39 17층 대한상공회의소 인력개발사업단,[GSITM] 부트캠프,7회차,응용SW엔지니어링(20010202),K-디지털 트레이닝,2024-08-06,2024-12-03,640,19,19,15.57,해당 정보 없음
대한상공회의소,(04513) 서울특별시 중구 세종대로 39 17층 대한상공회의소 인력개발사업단,[GSITM] 부트캠프,8회차,응용SW엔지니어링(20010202),K-디지털 트레이닝,2024-12-16,2025-06-18,640,5,0,15.57,19
케이지에듀원 아이티뱅크종로학원,(03138) 서울특별시 종로구 돈화문로 26 (묘동 단성사) 4층,[K-디지털] AI와 블록체인 기반 핀테크 서비스 개발자 양성,1회차,핀테크엔지니어링(20010210),K-디지털 트레이닝,2024-08-26,2025-03-06,1000,18,18,9.0,해당 정보 없음
케이지에듀원 아이티뱅크종로학원,(03138) 서울특별시 종로구 돈화문로 26 (묘동 단성사) 4층,[K-디지털] AI와 블록체인 기반 핀테크 서비스 개발자 양성,2회차,핀테크엔지니어링(20010210),K-디지털 트레이닝,2025-04-07,2025-10-17,1000,0,0,9.0,18
주식회사멋쟁이사자처럼,"(03155) 서울특별시 종로구 종로3길 17 (청진동 D타워) 16, 17층",멋쟁이사자처럼 앱/안드로이드 스쿨,1회차,응용SW엔지니어링(20010202),K-디지털 트레이닝,2023-04-24,2023-09-26,920,38,38,34.67,해당 정보 없음
주식회사멋쟁이사자처럼,"(03155) 서울특별시 종로구 종로3길 17 (청진동 D타워) 16, 17층",멋쟁이사자처럼 앱/안드로이드 스쿨,2회차,응용SW엔지니어링(20010202),K-디지털 트레이닝,2023-12-26,2024-06-13,920,41,41,34.67,38
주식회사멋쟁이사자처럼,"(03155) 서울특별시 종로구 종로3길 17 (청진동 D타워) 16, 17층",멋쟁이사자처럼 앱/안드로이드 스쿨,3회차,응용SW엔지니어링(20010202),K-디지털 트레이닝,2024-09-09,2025-03-06,920,26,25,34.67,41
하이미디어아카데미인재개발원,"(03163) 서울특별시 종로구 인사동길 12 7층, 15층","[프로젝트기반]자바 풀스택 개발자(React.js, Springboot, CI/CD 활용)",1회차,응용SW엔지니어링(20010202),K-디지털 트레이닝,2024-09-10,2025-03-14,960,18,18,9.0,해당 정보 없음
하이미디어아카데미인재개발원,"(03163) 서울특별시 종로구 인사동길 12 7층, 15층","[프로젝트기반]자바 풀스택 개발자(React.js, Springboot, CI/CD 활용)",2회차,응용SW엔지니어링(20010202),K-디지털 트레이닝,2025-02-04,2025-07-24,960,10,0,9.0,18
(주)솔데스크,"(03190) 서울특별시 종로구 종로12길 15 (관철동 종로코아) 5층, 8층, 9층, 10층",자바/파이썬/챗GPT를 활용한 AI 개발자 양성과정,1회차,응용SW엔지니어링(20010202),K-디지털 트레이닝,2024-09-10,2025-03-24,960,20,20,6.67,해당 정보 없음
(주)솔데스크,"(03190) 서울특별시 종로구 종로12길 15 (관철동 종로코아) 5층, 8층, 9층, 10층",자바/파이썬/챗GPT를 활용한 AI 개발자 양성과정,2회차,응용SW엔지니어링(20010202),K-디지털 트레이닝,2025-02-25,2025-08-18,960,1,0,6.67,20
(주)솔데스크,"(03190) 서울특별시 종로구 종로12길 15 (관철동 종로코아) 5층, 8층, 9층, 10층",자바/파이썬/챗GPT를 활용한 AI 개발자 양성과정,3회차,응용SW엔지니어링(20010202),K-디지털 트레이닝,2025-01-15,2025-07-11,960,0,0,6.67,해당 정보 없음
주식회사멋쟁이사자처럼,"(03155) 서울특별시 종로구 종로3길 17 (청진동 D타워) 16, 17층",기업 참여형 실무 중심 웹 프론트엔드 엔지니어 부트캠프,1회차,응용SW엔지니어링(20010202),K-디지털 트레이닝,2024-09-23,2025-03-26,920,34,34,34.0,해당 정보 없음
엠비씨(MBC)아카데미 컴퓨터교육센터 본점,(03164) 서울특별시 종로구 종로2가 종로 69(서울 YMCA) 3층 일부,클라우드를 활용한 자바(JAVA) 풀스택 개발자 양성,1회차,응용SW엔지니어링(20010202),K-디지털 트레이닝,2024-09-30,2025-04-09,1024,8,8,8.0,해당 정보 없음
엠비씨(MBC)아카데미 컴퓨터국비지원교육센터,(08754) 서울특별시 관악구 신림동 남부순환로 1633 7~8층,클라우드(PaaS)를 활용한 지능형교통정보시스템 UI구현 전문가 양성,1회차,응용SW엔지니어링(20010202),K-디지털 트레이닝,2024-11-25,2025-06-18,1100,16,16,16.0,해당 정보 없음
중앙HTA IT교육원,(03134) 서울특별시 종로구 율곡로10길 105 (봉익동 디아망 쥬얼리) 4층,e-commerce 기업 연계형 풀스택 자바(Java) 웹 솔루션 개발 과정,1회차,응용SW엔지니어링(20010202),K-디지털 트레이닝,2024-11-25,2025-06-23,1080,8,8,8.0,해당 정보 없음
주식회사멋쟁이사자처럼,"(03155) 서울특별시 종로구 종로3길 17 (청진동 D타워) 16, 17층",멋쟁이사자처럼 백엔드/JAVA 스쿨(심화),1회차,응용SW엔지니어링(20010202),K-디지털 트레이닝,2023-10-23,2023-12-22,343,21,21,24.33,해당 정보 없음
주식회사멋쟁이사자처럼,"(03155) 서울특별시 종로구 종로3길 17 (청진동 D타워) 16, 17층",멋쟁이사자처럼 백엔드/JAVA 스쿨(심화),2회차,응용SW엔지니어링(20010202),K-디지털 트레이닝,2024-11-29,2025-02-14,343,24,24,24.33,21
주식회사멋쟁이사자처럼,"(03155) 서울특별시 종로구 종로3길 17 (청진동 D타워) 16, 17층",멋쟁이사자처럼 백엔드/JAVA 스쿨(심화),3회차,응용SW엔지니어링(20010202),K-디지털 트레이닝,2024-12-30,2025-03-17,343,28,28,24.33,24
주식회사멋쟁이사자처럼,"(03155) 서울특별시 종로구 종로3길 17 (청진동 D타워) 16, 17층",참여기업 프로젝트 기반 백엔드 개발자 양성과정,1회차,응용SW엔지니어링(20010202),K-디지털 트레이닝,2024-11-29,2025-06-04,960,35,35,35.0,해당 정보 없음
주식회사멋쟁이사자처럼,"(03155) 서울특별시 종로구 종로3길 17 (청진동 D타워) 16, 17층",멋쟁이사자처럼 스타트업 스쿨,1회차,응용SW엔지니어링(20010202),K-디지털 트레이닝,2021-08-30,2021-11-30,455,33,33,29.54,해당 정보 없음
주식회사멋쟁이사자처럼,"(03155) 서울특별시 종로구 종로3길 17 (청진동 D타워) 16, 17층",멋쟁이사자처럼 스타트업 스쿨,2회차,응용SW엔지니어링(20010202),K-디지털 트레이닝,2022-02-21,2022-05-20,455,30,30,29.54,33
주식회사멋쟁이사자처럼,"(03155) 서울특별시 종로구 종로3길 17 (청진동 D타워) 16, 17층",멋쟁이사자처럼 스타트업 스쿨,3회차,응용SW엔지니어링(20010202),K-디지털 트레이닝,2022-02-21,2022-05-20,455,28,28,29.54,30
주식회사멋쟁이사자처럼,"(03155) 서울특별시 종로구 종로3길 17 (청진동 D타워) 16, 17층",멋쟁이사자처럼 스타트업 스쿨,4회차,응용SW엔지니어링(20010202),K-디지털 트레이닝,2022-06-13,2022-09-05,455,32,32,29.54,28
주식회사멋쟁이사자처럼,"(03155) 서울특별시 종로구 종로3길 17 (청진동 D타워) 16, 17층",멋쟁이사자처럼 스타트업 스쿨,5회차,응용SW엔지니어링(20010202),K-디지털 트레이닝,2022-06-13,2022-09-05,455,32,32,29.54,32
주식회사멋쟁이사자처럼,"(03155) 서울특별시 종로구 종로3길 17 (청진동 D타워) 16, 17층",멋쟁이사자처럼 스타트업 스쿨,6회차,응용SW엔지니어링(20010202),K-디지털 트레이닝,2022-09-26,2022-12-20,455,32,32,29.54,32
주식회사멋쟁이사자처럼,"(03155) 서울특별시 종로구 종로3길 17 (청진동 D타워) 16, 17층",멋쟁이사자처럼 스타트업 스쿨,7회차,응용SW엔지니어링(20010202),K-디지털 트레이닝,2022-09-26,2022-12-20,455,17,17,29.54,32
주식회사멋쟁이사자처럼,"(03155) 서울특별시 종로구 종로3길 17 (청진동 D타워) 16, 17층",멋쟁이사자처럼 스타트업 스쿨,8회차,응용SW엔지니어링(20010202),K-디지털 트레이닝,2023-02-20,2023-05-16,455,34,34,29.54,17
주식회사멋쟁이사자처럼,"(03155) 서울특별시 종로구 종로3길 17 (청진동 D타워) 16, 17층",멋쟁이사자처럼 스타트업 스쿨,9회차,응용SW엔지니어링(20010202),K-디지털 트레이닝,2023-07-17,2023-10-17,455,39,39,29.54,34
주식회사멋쟁이사자처럼,"(03155) 서울특별시 종로구 종로3길 17 (청진동 D타워) 16, 17층",멋쟁이사자처럼 스타트업 스쿨,10회차,응용SW엔지니어링(20010202),K-디지털 트레이닝,2023-11-13,2024-02-07,455,28,28,29.54,39
주식회사멋쟁이사자처럼,"(03155) 서울특별시 종로구 종로3길 17 (청진동 D타워) 16, 17층",멋쟁이사자처럼 스타트업 스쿨,11회차,응용SW엔지니어링(20010202),K-디지털 트레이닝,2024-03-08,2024-06-14,455,24,24,29.54,28
주식회사멋쟁이사자처럼,"(03155) 서울특별시 종로구 종로3길 17 (청진동 D타워) 16, 17층",멋쟁이사자처럼 스타트업 스쿨,12회차,응용SW엔지니어링(20010202),K-디지털 트레이닝,2024-07-05,2024-10-15,455,33,33,29.54,24
주식회사멋쟁이사자처럼,"(03155) 서울특별시 종로구 종로3길 17 (청진동 D타워) 16, 17층",멋쟁이사자처럼 스타트업 스쿨,13회차,응용SW엔지니어링(20010202),K-디지털 트레이닝,2024-12-13,2025-03-25,455,22,22,29.54,33
주식회사멋쟁이사자처럼,"(03155) 서울특별시 종로구 종로3길 17 (청진동 D타워) 16, 17층",재직자_UX/UI 딥다이브 : 애자일 방식을 활용한 디자인 심화과정,1회차,UI/UX엔지니어링(20010207),K-디지털 트레이닝,2024-12-17,2025-03-14,66,10,10,10.0,해당 정보 없음
주식회사멋쟁이사자처럼,"(03155) 서울특별시 종로구 종로3길 17 (청진동 D타워) 16, 17층",재직자_실무 프로젝트 기반 MS Azure클라우드 엔지니어링 과정,1회차,응용SW엔지니어링(20010202),K-디지털 트레이닝,2024-12-23,2025-03-13,60,18,18,18.0,해당 정보 없음
그린컴퓨터아트학원,"(03192) 서울특별시 종로구 수표로 96 (관수동 국일관드림펠리스) 2층, 5층 일부 그린컴퓨터아트학원",『프로젝트기반』프론트엔드 개발자 양성(Figma/React/Next.js/PHP/Mysql/chatGPT),1회차,응용SW엔지니어링(20010202),K-디지털 트레이닝,2024-12-27,2025-07-02,1000,11,11,6.0,해당 정보 없음
그린컴퓨터아트학원,"(03192) 서울특별시 종로구 수표로 96 (관수동 국일관드림펠리스) 2층, 5층 일부 그린컴퓨터아트학원",『프로젝트기반』프론트엔드 개발자 양성(Figma/React/Next.js/PHP/Mysql/chatGPT),2회차,응용SW엔지니어링(20010202),K-디지털 트레이닝,2025-02-06,2025-08-05,1000,1,1,6.0,11
케이지에듀원 아이티뱅크종로학원,(03138) 서울특별시 종로구 돈화문로 26 (묘동 단성사) 4층,(KDT) 하이브리드 클라우드 자동화 서비스 설계 및 구현과정,1회차,IT시스템관리(20010301),K-디지털 트레이닝,2024-12-30,2025-07-21,1064,20,20,10.0,해당 정보 없음
케이지에듀원 아이티뱅크종로학원,(03138) 서울특별시 종로구 돈화문로 26 (묘동 단성사) 4층,(KDT) 하이브리드 클라우드 자동화 서비스 설계 및 구현과정,2회차,IT시스템관리(20010301),K-디지털 트레이닝,2025-05-07,2025-11-26,1064,0,0,10.0,20
엠비씨(MBC)아카데미 컴퓨터교육센터 본점,(03164) 서울특별시 종로구 종로2가 종로 69(서울 YMCA) 3층 일부,JAVA와 Python을 활용한 RPA & LowCode 웹기반 빅데이터분석 전문가 양성,1회차,응용SW엔지니어링(20010202),K-디지털 트레이닝,2023-08-28,2024-02-29,1000,12,12,12.6,해당 정보 없음
엠비씨(MBC)아카데미 컴퓨터교육센터 본점,(03164) 서울특별시 종로구 종로2가 종로 69(서울 YMCA) 3층 일부,JAVA와 Python을 활용한 RPA & LowCode 웹기반 빅데이터분석 전문가 양성,2회차,응용SW엔지니어링(20010202),K-디지털 트레이닝,2023-12-20,2024-06-25,1000,14,14,12.6,12
엠비씨(MBC)아카데미 컴퓨터교육센터 본점,(03164) 서울특별시 종로구 종로2가 종로 69(서울 YMCA) 3층 일부,JAVA와 Python을 활용한 RPA & LowCode 웹기반 빅데이터분석 전문가 양성,3회차,응용SW엔지니어링(20010202),K-디지털 트레이닝,2024-03-18,2024-09-19,1000,23,23,12.6,14
엠비씨(MBC)아카데미 컴퓨터교육센터 본점,(03164) 서울특별시 종로구 종로2가 종로 69(서울 YMCA) 3층 일부,JAVA와 Python을 활용한 RPA & LowCode 웹기반 빅데이터분석 전문가 양성,4회차,응용SW엔지니어링(20010202),K-디지털 트레이닝,2024-12-31,2025-07-04,1000,15,14,12.6,23
엠비씨(MBC)아카데미 컴퓨터교육센터 본점,(03164) 서울특별시 종로구 종로2가 종로 69(서울 YMCA) 3층 일부,JAVA와 Python을 활용한 RPA & LowCode 웹기반 빅데이터분석 전문가 양성,5회차,응용SW엔지니어링(20010202),K-디지털 트레이닝,2025-04-10,2025-10-14,1000,1,0,12.6,14
더조은컴퓨터아카데미 종로,(03189) 서울특별시 종로구 우정국로2길 21 (관철동 대왕빌딩) 9층,빅데이터분석(ElasticStack)활용&자바웹개발자,1회차,빅데이터분석(20010105),K-디지털 트레이닝,2024-12-31,2025-07-22,1090,10,10,2.5,해당 정보 없음
더조은컴퓨터아카데미 종로,(03189) 서울특별시 종로구 우정국로2길 21 (관철동 대왕빌딩) 9층,빅데이터분석(ElasticStack)활용&자바웹개발자,2회차,빅데이터분석(20010105),K-디지털 트레이닝,2025-02-20,2025-09-05,1090,0,0,2.5,10
더조은컴퓨터아카데미 종로,(03189) 서울특별시 종로구 우정국로2길 21 (관철동 대왕빌딩) 9층,빅데이터분석(ElasticStack)활용&자바웹개발자,3회차,빅데이터분석(20010105),K-디지털 트레이닝,2025-02-06,2025-08-22,1090,0,0,2.5,해당 정보 없음
더조은컴퓨터아카데미 종로,(03189) 서울특별시 종로구 우정국로2길 21 (관철동 대왕빌딩) 9층,빅데이터분석(ElasticStack)활용&자바웹개발자,4회차,빅데이터분석(20010105),K-디지털 트레이닝,2025-02-13,2025-08-29,1090,0,0,2.5,해당 정보 없음
이젠아카데미DX교육센터,"(06612) 서울특별시 서초구 서초동 서초대로77길 41(대동Ⅱ) 대동빌딩 5층, 9층, 10층",UXUI 디자인 프론트엔드 부트캠프,1회차,응용SW엔지니어링(20010202),K-디지털 트레이닝,2024-12-19,2025-06-20,960,20,20,13.67,해당 정보 없음
이젠아카데미DX교육센터,"(06612) 서울특별시 서초구 서초동 서초대로77길 41(대동Ⅱ) 대동빌딩 5층, 9층, 10층",UXUI 디자인 프론트엔드 부트캠프,2회차,응용SW엔지니어링(20010202),K-디지털 트레이닝,2024-12-31,2025-07-01,960,16,16,13.67,20
이젠아카데미DX교육센터,"(06612) 서울특별시 서초구 서초동 서초대로77길 41(대동Ⅱ) 대동빌딩 5층, 9층, 10층",UXUI 디자인 프론트엔드 부트캠프,3회차,응용SW엔지니어링(20010202),K-디지털 트레이닝,2025-02-18,2025-08-08,960,11,5,13.67,16
엠비씨(MBC)아카데미 컴퓨터교육센터 본점,(03164) 서울특별시 종로구 종로2가 종로 69(서울 YMCA) 3층 일부,챗GPT 생성형 AI를 활용한 반응형 웹콘텐츠(영상제작&코딩) 개발기획자 양성,1회차,UI/UX엔지니어링(20010207),K-디지털 트레이닝,2024-12-31,2025-07-10,960,26,26,13.0,해당 정보 없음
엠비씨(MBC)아카데미 컴퓨터교육센터 본점,(03164) 서울특별시 종로구 종로2가 종로 69(서울 YMCA) 3층 일부,챗GPT 생성형 AI를 활용한 반응형 웹콘텐츠(영상제작&코딩) 개발기획자 양성,2회차,UI/UX엔지니어링(20010207),K-디지털 트레이닝,2025-02-05,2025-07-28,960,9,0,13.0,26
이젠아카데미DX교육센터,"(06612) 서울특별시 서초구 서초동 서초대로77길 41(대동Ⅱ) 대동빌딩 5층, 9층, 10층","클라우드기반 백엔드 풀스택 웹서비스 개발(AWS, 큐레이팅)",1회차,응용SW엔지니어링(20010202),K-디지털 트레이닝,2022-11-15,2023-05-19,860,30,30,19.67,해당 정보 없음
이젠아카데미DX교육센터,"(06612) 서울특별시 서초구 서초동 서초대로77길 41(대동Ⅱ) 대동빌딩 5층, 9층, 10층","클라우드기반 백엔드 풀스택 웹서비스 개발(AWS, 큐레이팅)",2회차,응용SW엔지니어링(20010202),K-디지털 트레이닝,2023-05-24,2023-10-27,860,12,12,19.67,30
이젠아카데미DX교육센터,"(06612) 서울특별시 서초구 서초동 서초대로77길 41(대동Ⅱ) 대동빌딩 5층, 9층, 10층","클라우드기반 백엔드 풀스택 웹서비스 개발(AWS, 큐레이팅)",3회차,응용SW엔지니어링(20010202),K-디지털 트레이닝,2024-12-31,2025-06-10,860,18,17,19.67,12
하이미디어아카데미인재개발원,"(03163) 서울특별시 종로구 인사동길 12 7층, 15층","(디지털컨버전스)자바(JAVA) 백엔드 웹개발자(JPA, Springboot, AWS)A",1회차,응용SW엔지니어링(20010202),국가기간전략산업직종훈련,2025-01-07,2025-06-23,900,0,0,0.0,해당 정보 없음
하이미디어아카데미인재개발원,"(03163) 서울특별시 종로구 인사동길 12 7층, 15층","(스마트웹&콘텐츠개발)자바(JAVA) 풀스택개발자(React, Springboot, AWS)A",1회차,UI/UX엔지니어링(20010207),국가기간전략산업직종훈련,2025-01-10,2025-07-04,950,0,0,0.0,해당 정보 없음
하이미디어아카데미인재개발원,"(03163) 서울특별시 종로구 인사동길 12 7층, 15층",(스마트웹&콘텐츠개발)피그마활용 웹디자인&웹퍼블리셔A,1회차,UI/UX엔지니어링(20010207),국가기간전략산업직종훈련,2025-02-25,2025-08-14,950,0,0,0.0,해당 정보 없음
하이미디어아카데미인재개발원,"(03163) 서울특별시 종로구 인사동길 12 7층, 15층",(스마트웹&콘텐츠개발)피그마활용 웹디자인&웹퍼블리셔A,2회차,UI/UX엔지니어링(20010207),국가기간전략산업직종훈련,2025-01-14,2025-07-08,950,0,0,0.0,해당 정보 없음
(주)솔데스크,"(03190) 서울특별시 종로구 종로12길 15 (관철동 종로코아) 5층, 8층, 9층, 10층","(디지털컨버전스)JAVA, Python, AutoML을 응용한 풀 스택 개발자 과정 A",1회차,응용SW엔지니어링(20010202),국가기간전략산업직종훈련,2025-02-18,2025-07-30,900,0,0,0.0,해당 정보 없음
(주)솔데스크,"(03190) 서울특별시 종로구 종로12길 15 (관철동 종로코아) 5층, 8층, 9층, 10층","(디지털컨버전스)JAVA, Python, AutoML을 응용한 풀 스택 개발자 과정 A",2회차,응용SW엔지니어링(20010202),국가기간전략산업직종훈련,2025-01-15,2025-07-02,900,0,0,0.0,해당 정보 없음
(주)솔데스크,"(03190) 서울특별시 종로구 종로12길 15 (관철동 종로코아) 5층, 8층, 9층, 10층",(클라우드 운영 관리)클라우드 네트워크 아키텍처 설계 전문가 양성과정 B,1회차,IT시스템관리(20010301),국가기간전략산업직종훈련,2025-02-18,2025-07-31,910,0,0,0.0,해당 정보 없음
(주)솔데스크,"(03190) 서울특별시 종로구 종로12길 15 (관철동 종로코아) 5층, 8층, 9층, 10층",(클라우드 운영 관리)클라우드 네트워크 아키텍처 설계 전문가 양성과정 B,2회차,IT시스템관리(20010301),국가기간전략산업직종훈련,2025-01-15,2025-07-03,910,0,0,0.0,해당 정보 없음
이젠아카데미 DX교육센터,"(03189) 서울특별시 종로구 우정국로2길 37(관철동, 청문학원) 5층,6층","스마트 웹콘텐츠 UI/UX 디자인 & 프론트엔드(피그마,Figma) B",1회차,UI/UX엔지니어링(20010207),국가기간전략산업직종훈련,2025-02-05,2025-07-09,900,0,0,0.0,해당 정보 없음
이젠아카데미 DX교육센터,"(03189) 서울특별시 종로구 우정국로2길 37(관철동, 청문학원) 5층,6층","스마트 웹콘텐츠 UI/UX 디자인 & 프론트엔드(피그마,Figma) B",2회차,UI/UX엔지니어링(20010207),국가기간전략산업직종훈련,2025-01-22,2025-06-30,900,0,0,0.0,해당 정보 없음
이젠아카데미 DX교육센터,"(03189) 서울특별시 종로구 우정국로2길 37(관철동, 청문학원) 5층,6층","스마트 웹콘텐츠 UI/UX 디자인 & 프론트엔드(피그마,Figma) B",3회차,UI/UX엔지니어링(20010207),국가기간전략산업직종훈련,2025-01-15,2025-06-23,900,0,0,0.0,해당 정보 없음
더조은컴퓨터아카데미 종로,(03189) 서울특별시 종로구 우정국로2길 21 (관철동 대왕빌딩) 9층,인공지능(AI)활용 서비스 개발자(프론트엔드_React) 취업과정,1회차,응용SW엔지니어링(20010202),K-디지털 트레이닝,2025-01-20,2025-07-29,1040,8,7,2.33,해당 정보 없음
더조은컴퓨터아카데미 종로,(03189) 서울특별시 종로구 우정국로2길 21 (관철동 대왕빌딩) 9층,인공지능(AI)활용 서비스 개발자(프론트엔드_React) 취업과정,2회차,응용SW엔지니어링(20010202),K-디지털 트레이닝,2025-01-16,2025-07-25,1040,0,0,2.33,7
더조은컴퓨터아카데미 종로,(03189) 서울특별시 종로구 우정국로2길 21 (관철동 대왕빌딩) 9층,인공지능(AI)활용 서비스 개발자(프론트엔드_React) 취업과정,3회차,응용SW엔지니어링(20010202),K-디지털 트레이닝,2025-01-17,2025-07-28,1040,0,0,2.33,해당 정보 없음
그린컴퓨터아트학원,"(03192) 서울특별시 종로구 수표로 96 (관수동 국일관드림펠리스) 2층, 5층 일부 그린컴퓨터아트학원",[디지털디자인] ChatGPT 활용 UI/UX 반응형 웹앱디자인&웹퍼블리셔 개발자 C,1회차,UI/UX엔지니어링(20010207),국가기간전략산업직종훈련,2025-01-16,2025-06-05,760,0,0,0.0,해당 정보 없음
이젠아카데미 DX교육센터,"(03189) 서울특별시 종로구 우정국로2길 37(관철동, 청문학원) 5층,6층",AI 서비스 개발을 위한 클라우드 활용 실무 과정,1회차,응용SW엔지니어링(20010202),K-디지털 트레이닝,2025-02-17,2025-08-25,1044,0,0,0.0,해당 정보 없음
이젠아카데미 DX교육센터,"(03189) 서울특별시 종로구 우정국로2길 37(관철동, 청문학원) 5층,6층",AI 서비스 개발을 위한 클라우드 활용 실무 과정,2회차,응용SW엔지니어링(20010202),K-디지털 트레이닝,2025-01-20,2025-07-30,1044,0,0,0.0,해당 정보 없음
이젠아카데미 DX교육센터,"(03189) 서울특별시 종로구 우정국로2길 37(관철동, 청문학원) 5층,6층",UIUX 웹디자인(피그마[Figma]) & 프론트엔드(react.js) C,1회차,응용SW엔지니어링(20010202),국가기간전략산업직종훈련,2025-02-10,2025-06-12,760,0,0,0.0,해당 정보 없음
이젠아카데미 DX교육센터,"(03189) 서울특별시 종로구 우정국로2길 37(관철동, 청문학원) 5층,6층",UIUX 웹디자인(피그마[Figma]) & 프론트엔드(react.js) C,2회차,응용SW엔지니어링(20010202),국가기간전략산업직종훈련,2025-02-03,2025-06-04,760,0,0,0.0,해당 정보 없음
이젠아카데미 DX교육센터,"(03189) 서울특별시 종로구 우정국로2길 37(관철동, 청문학원) 5층,6층",UIUX 웹디자인(피그마[Figma]) & 프론트엔드(react.js) C,3회차,응용SW엔지니어링(20010202),국가기간전략산업직종훈련,2025-01-31,2025-06-03,760,0,0,0.0,해당 정보 없음
이젠아카데미 DX교육센터,"(03189) 서울특별시 종로구 우정국로2길 37(관철동, 청문학원) 5층,6층",UIUX 웹디자인(피그마[Figma]) & 프론트엔드(react.js) C,4회차,응용SW엔지니어링(20010202),국가기간전략산업직종훈련,2025-01-20,2025-05-26,760,0,0,0.0,해당 정보 없음
그린컴퓨터아트학원,"(03192) 서울특별시 종로구 수표로 96 (관수동 국일관드림펠리스) 2층, 5층 일부 그린컴퓨터아트학원",[디지털컨버전스] 데이터 융합 자바(JAVA)&스프링(Spring) 백엔드 SW개발자 A,1회차,응용SW엔지니어링(20010202),국가기간전략산업직종훈련,2025-01-21,2025-07-07,900,0,0,0.0,해당 정보 없음
하이미디어아카데미인재개발원,"(03163) 서울특별시 종로구 인사동길 12 7층, 15층","(디지털컨버전스)자바(JAVA) 백엔드 웹개발자(JPA, Springboot, AWS)B",1회차,응용SW엔지니어링(20010202),국가기간전략산업직종훈련,2025-01-21,2025-07-07,900,0,0,0.0,해당 정보 없음
그린컴퓨터아트학원,"(03192) 서울특별시 종로구 수표로 96 (관수동 국일관드림펠리스) 2층, 5층 일부 그린컴퓨터아트학원",[디지털디자인] ChatGPT 활용 UI/UX 반응형 웹앱디자인&웹퍼블리셔 개발자 A,1회차,UI/UX엔지니어링(20010207),국가기간전략산업직종훈련,2025-01-21,2025-06-11,760,0,0,0.0,해당 정보 없음
주식회사멋쟁이사자처럼,"(03155) 서울특별시 종로구 종로3길 17 (청진동 D타워) 16, 17층",데이터 중심 그로스 마케팅 과정,1회차,빅데이터분석(20010105),K-디지털 트레이닝,2025-01-31,2025-05-23,608,33,32,32.0,해당 정보 없음
이젠아카데미 DX교육센터,"(03189) 서울특별시 종로구 우정국로2길 37(관철동, 청문학원) 5층,6층","AWS클라우드 기반 자바 백엔드개발자(Java Spring,SQL프로그래밍) A",1회차,응용SW엔지니어링(20010202),국가기간전략산업직종훈련,2025-02-10,2025-07-10,900,0,0,0.0,해당 정보 없음
이젠아카데미 DX교육센터,"(03189) 서울특별시 종로구 우정국로2길 37(관철동, 청문학원) 5층,6층","AWS클라우드 기반 자바 백엔드개발자(Java Spring,SQL프로그래밍) A",2회차,응용SW엔지니어링(20010202),국가기간전략산업직종훈련,2025-02-03,2025-07-03,900,0,0,0.0,해당 정보 없음
그린컴퓨터아트학원,"(03192) 서울특별시 종로구 수표로 96 (관수동 국일관드림펠리스) 2층, 5층 일부 그린컴퓨터아트학원",[디지털디자인] ChatGPT 활용 UI/UX 반응형 웹앱디자인&웹퍼블리셔 개발자 B,1회차,UI/UX엔지니어링(20010207),국가기간전략산업직종훈련,2025-02-03,2025-06-19,760,0,0,0.0,해당 정보 없음
하이미디어아카데미인재개발원,"(03163) 서울특별시 종로구 인사동길 12 7층, 15층",(스마트웹&콘텐츠개발)피그마활용 웹디자인&웹퍼블리셔B,1회차,UI/UX엔지니어링(20010207),국가기간전략산업직종훈련,2025-02-04,2025-07-24,950,0,0,0.0,해당 정보 없음
이젠아카데미 DX교육센터,"(03189) 서울특별시 종로구 우정국로2길 37(관철동, 청문학원) 5층,6층",UIUX 웹디자인(피그마[Figma]) & 프론트엔드(react.js) B,1회차,응용SW엔지니어링(20010202),국가기간전략산업직종훈련,2025-03-10,2025-07-09,760,0,0,0.0,해당 정보 없음
이젠아카데미 DX교육센터,"(03189) 서울특별시 종로구 우정국로2길 37(관철동, 청문학원) 5층,6층",UIUX 웹디자인(피그마[Figma]) & 프론트엔드(react.js) B,2회차,응용SW엔지니어링(20010202),국가기간전략산업직종훈련,2025-02-24,2025-06-26,760,0,0,0.0,해당 정보 없음
이젠아카데미 DX교육센터,"(03189) 서울특별시 종로구 우정국로2길 37(관철동, 청문학원) 5층,6층",UIUX 웹디자인(피그마[Figma]) & 프론트엔드(react.js) B,3회차,응용SW엔지니어링(20010202),국가기간전략산업직종훈련,2025-02-17,2025-06-19,760,0,0,0.0,해당 정보 없음
