기관명,과정명,회차,수강확정인원,수료인원,6개월후_취업률,직종,과정상황,수강신청인원,모집인원,훈련유형,개강일,종강일,주소,만족도_평균점수
(사)한국무역협회무역아카데미,KITA 디지털 마스터 (무역 빅데이터 과정),2,30,21,61.9,빅데이터분석,과정 종료,31,30,K-디지털트레이닝,2023-09-15,2024-05-08,서울 강남구,4.14
(사)한국무역협회무역아카데미,KITA 디지털 마스터 (무역 빅데이터 과정),3,25,21,진행중,빅데이터분석,진행중,25,30,K-디지털트레이닝,2024-02-29,2024-11-01,서울 강남구,4.14
(주)그렙,데이터 엔지니어링,2,58,39,46.1,빅데이터운영·관리,과정 종료,62,60,K-디지털트레이닝,2023-10-13,2024-03-12,서울 서초구,4.39
(주)그렙,데이터 엔지니어링,3,58,45,진행중,빅데이터운영·관리,진행중,64,60,K-디지털트레이닝,2024-03-22,2024-08-20,서울 서초구,4.39
(주)그렙,데이터분석 데브코스,1,50,27,40.7,빅데이터운영·관리,과정 종료,55,60,K-디지털트레이닝,2023-11-17,2024-04-04,서울 서초구,3.99
(주)그렙,데이터분석 데브코스,2,56,43,37.2,빅데이터운영·관리,과정 종료,59,60,K-디지털트레이닝,2024-02-16,2024-07-04,서울 서초구,3.99
(주)그렙,데이터분석 데브코스,3,46,32,진행중,빅데이터운영·관리,진행중,48,60,K-디지털트레이닝,2024-04-19,2024-09-05,서울 서초구,3.99
(주)그렙,리눅스 시스템 및 커널 전문가 양성 과정,2,40,20,40.0,시스템SW엔지니어링,과정 종료,41,45,K-디지털트레이닝,2023-10-13,2024-03-09,서울 서초구,4.29
(주)그렙,자율주행 Planning & Control 엔지니어 양성,2,17,6,66.7,IoT시스템연동,과정 종료,20,24,K-디지털트레이닝,2023-12-11,2024-06-14,서울 서초구,4.7
(주)그렙,클라우딩 어플리케이션 엔지니어링,1,46,30,40.0,응용SW엔지니어링,과정 종료,48,55,K-디지털트레이닝,2023-12-18,2024-05-17,서울 서초구,3.75
(주)그렙,클라우딩 어플리케이션 엔지니어링,2,26,19,진행중,응용SW엔지니어링,진행중,31,60,K-디지털트레이닝,2024-04-15,2024-09-13,서울 서초구,3.75
(주)그렙,"타입스크립트로 함께하는 웹 풀 사이클 개발(React, Node.js)",1,53,37,43.2,시스템SW엔지니어링,과정 종료,58,60,K-디지털트레이닝,2023-11-14,2024-05-24,서울 서초구,3.48
(주)그렙,"타입스크립트로 함께하는 웹 풀 사이클 개발(React, Node.js)",2,60,48,진행중,시스템SW엔지니어링,진행중,64,60,K-디지털트레이닝,2024-02-26,2024-08-30,서울 서초구,3.48
(주)그렙,"타입스크립트로 함께하는 웹 풀 사이클 개발(React, Node.js)",3,56,47,진행중,시스템SW엔지니어링,진행중,59,60,K-디지털트레이닝,2024-04-08,2024-10-18,서울 서초구,3.48
(주)그렙,프로그래머스 K-Digital Training 자율주행 데브코스,6,18,13,76.9,IoT시스템연동,과정 종료,21,20,K-디지털트레이닝,2023-09-18,2024-02-19,서울 서초구,4.61
(주)그렙,프로그래머스 데브코스: 빅데이터 플랫폼 프론트엔드 엔지니어링,6,60,47,44.7,빅데이터플랫폼구축,과정 종료,63,60,K-디지털트레이닝,2023-06-01,2023-12-05,서울 서초구,4.73
(주)그렙,프로그래머스 데브코스: 빅데이터 플랫폼 프론트엔드 엔지니어링,7,27,24,16.7,빅데이터플랫폼구축,과정 종료,31,30,K-디지털트레이닝,2023-09-19,2024-03-25,서울 서초구,4.73
(주)그렙,프로그래머스 데브코스: 빅데이터 플랫폼 프론트엔드 엔지니어링,8,28,26,38.4,빅데이터플랫폼구축,과정 종료,34,30,K-디지털트레이닝,2023-09-19,2024-03-25,서울 서초구,4.73
(주)그렙,프로그래머스 데브코스: 클라우드 기반 백엔드 엔지니어링,6,60,50,46.0,인프라스트럭쳐아키텍처구축,과정 종료,64,60,K-디지털트레이닝,2023-06-01,2023-12-05,서울 서초구,4.8
(주)그렙,프로그래머스 데브코스: 클라우드 기반 백엔드 엔지니어링,7,30,25,48.0,인프라스트럭쳐아키텍처구축,과정 종료,30,30,K-디지털트레이닝,2023-09-19,2024-03-25,서울 서초구,4.8
(주)모두의연구소,[스마트훈련]자바스크립트 웹 풀스택 개발자 실무과정,1,13,6,33.3,응용SW엔지니어링,과정 종료,18,40,K-디지털트레이닝,2023-11-28,2024-05-10,서울 강남구,4.54
(주)모두의연구소,[스마트훈련]초거대/생성 모델 활용 AI서비스 개발자 실무과정,1,32,21,61.9,응용SW엔지니어링,과정 종료,34,40,K-디지털트레이닝,2023-12-28,2024-04-18,서울 강남구,4.55
(주)모두의연구소,[스마트훈련]플러터 크로스플랫폼 모바일앱 개발자 실무과정 ,1,33,27,51.8,응용SW엔지니어링,과정 종료,41,38,K-디지털트레이닝,2023-11-27,2024-02-14,서울 강남구,4.8
(주)모두의연구소,[스마트훈련]플러터 크로스플랫폼 모바일앱 개발자 실무과정 ,2,32,25,68.0,응용SW엔지니어링,과정 종료,37,38,K-디지털트레이닝,2024-03-04,2024-05-22,서울 강남구,4.8
(주)솔데스크,Ansible 자동화로 구현한 아마존 AWS 클라우드 환경 DevOps,16,30,25,68.0,IT시스템관리,과정 종료,36,30,K-디지털트레이닝,2023-06-23,2024-02-07,서울 종로구,4.42
(주)솔데스크,Ansible 자동화로 구현한 아마존 AWS 클라우드 환경 DevOps,17,28,14,57.2,IT시스템관리,과정 종료,33,30,K-디지털트레이닝,2023-07-18,2024-01-11,서울 종로구,4.42
(주)솔데스크,Ansible 자동화로 구현한 아마존 AWS 클라우드 환경 DevOps,18,21,12,58.3,IT시스템관리,과정 종료,24,30,K-디지털트레이닝,2023-08-16,2024-02-08,서울 종로구,4.42
(주)솔데스크,Ansible 자동화로 구현한 아마존 AWS 클라우드 환경 DevOps,19,23,20,진행중,IT시스템관리,진행중,25,30,K-디지털트레이닝,2024-04-16,2024-10-15,서울 종로구,4.42
(주)솔데스크,Ansible 자동화로 구현한 클라우드 환경 DevOps,9,30,29,72.4,IT시스템관리,과정 종료,34,30,K-디지털트레이닝,2023-07-11,2024-01-10,서울 종로구,4.42
(주)솔데스크,Ansible 자동화로 구현한 클라우드 환경 DevOps,10,29,13,61.5,IT시스템관리,과정 종료,30,30,K-디지털트레이닝,2023-07-25,2024-03-15,서울 종로구,4.42
(주)솔데스크,Ansible 자동화로 구현한 클라우드 환경 DevOps,11,28,25,72.0,IT시스템관리,과정 종료,29,30,K-디지털트레이닝,2023-09-19,2024-03-26,서울 종로구,4.42
(주)솔데스크,Ansible 자동화로 구현한 클라우드 환경 DevOps,12,해당 정보 없음,0,미실시,IT시스템관리,미실시,0,30,K-디지털트레이닝,2023-12-29,2024-06-20,서울 종로구,4.42
(주)솔데스크,그래픽 기반의 실시간 AI서비스를 활용한 cross-platform 개발자 양성과정,6,27,18,61.1,응용SW엔지니어링,과정 종료,37,30,K-디지털트레이닝,2023-07-04,2024-01-09,서울 종로구,4.54
(주)솔데스크,그래픽 기반의 실시간 AI서비스를 활용한 cross-platform 개발자 양성과정,7,30,25,44.0,응용SW엔지니어링,과정 종료,37,30,K-디지털트레이닝,2023-07-26,2024-01-30,서울 종로구,4.54
(주)솔데스크,그래픽 기반의 실시간 AI서비스를 활용한 cross-platform 개발자 양성과정,8,26,18,44.5,응용SW엔지니어링,과정 종료,30,30,K-디지털트레이닝,2023-10-24,2024-04-25,서울 종로구,4.54
(주)솔데스크,그래픽 기반의 실시간 AI서비스를 활용한 cross-platform 개발자 양성과정,9,17,13,53.9,응용SW엔지니어링,과정 종료,19,30,K-디지털트레이닝,2024-01-23,2024-07-18,서울 종로구,4.54
(주)솔데스크,그래픽 기반의 실시간 AI서비스를 활용한 cross-platform 개발자 양성과정,10,18,14,진행중,응용SW엔지니어링,진행중,19,30,K-디지털트레이닝,2024-03-12,2024-09-06,서울 종로구,4.54
(주)솔데스크,그래픽 기반의 실시간 AI서비스를 활용한 cross-platform 개발자 양성과정,11,22,20,진행중,응용SW엔지니어링,진행중,27,30,K-디지털트레이닝,2024-03-12,2024-09-12,서울 종로구,4.54
(주)솔데스크,그래픽 기반의 실시간 AI서비스를 활용한 cross-platform 개발자 양성과정,12,17,12,진행중,응용SW엔지니어링,진행중,21,30,K-디지털트레이닝,2024-04-09,2024-10-08,서울 종로구,4.54
(주)솔데스크,그래픽 기반의 실시간 AI서비스를 활용한 cross-platform 개발자 양성과정,13,10,8,진행중,응용SW엔지니어링,진행중,12,30,K-디지털트레이닝,2024-05-21,2024-11-13,서울 종로구,4.54
(주)솔데스크,빅데이터 활용 인공지능 기반 개인화 서비스 구축 개발자 과정,8,29,23,78.3,빅데이터분석,과정 종료,50,30,K-디지털트레이닝,2023-07-25,2024-01-18,서울 종로구,4.54
(주)솔데스크,빅데이터 활용 인공지능 기반 개인화 서비스 구축 개발자 과정,9,29,22,72.7,빅데이터분석,과정 종료,36,30,K-디지털트레이닝,2023-07-26,2024-01-24,서울 종로구,4.54
(주)솔데스크,빅데이터 활용 인공지능 기반 개인화 서비스 구축 개발자 과정,10,19,14,50.0,빅데이터분석,과정 종료,19,30,K-디지털트레이닝,2023-08-17,2024-03-15,서울 종로구,4.54
(주)솔데스크,빅데이터 활용 인공지능 기반 개인화 서비스 구축 개발자 과정,11,해당 정보 없음,0,미실시,빅데이터분석,미실시,0,30,K-디지털트레이닝,2023-12-29,2024-06-20,서울 종로구,4.54
(주)솔데스크,자바 & 파이썬 활용 통계 기반 빅데이터 개발자 과정,7,21,10,50.0,빅데이터분석,과정 종료,29,30,K-디지털트레이닝,2023-08-22,2024-02-21,서울 종로구,4.12
(주)솔데스크,자바 & 파이썬 활용 통계 기반 빅데이터 개발자 과정,8,25,22,63.6,빅데이터분석,과정 종료,28,30,K-디지털트레이닝,2024-01-23,2024-07-19,서울 종로구,4.12
(주)솔데스크,자바 & 파이썬 활용 통계 기반 빅데이터 개발자 과정,9,30,24,진행중,빅데이터분석,진행중,33,30,K-디지털트레이닝,2024-02-19,2024-08-23,서울 종로구,4.12
(주)솔데스크,자바 & 파이썬 활용 통계 기반 빅데이터 개발자 과정,10,16,15,진행중,빅데이터분석,진행중,25,30,K-디지털트레이닝,2024-04-02,2024-10-02,서울 종로구,4.12
(주)신세계아이앤씨,JAVA 기반 백엔드 개발자 양성,1,28,22,68.2,응용SW엔지니어링,과정 종료,38,35,K-디지털트레이닝,2023-12-01,2024-06-07,서울 중구,4.34
(주)신세계아이앤씨,JAVA 기반 백엔드 개발자 양성,2,28,20,진행중,응용SW엔지니어링,진행중,34,28,K-디지털트레이닝,2024-03-04,2024-09-04,서울 중구,4.34
(주)신세계아이앤씨,JAVA 기반 백엔드 개발자 양성,3,25,20,진행중,응용SW엔지니어링,진행중,36,28,K-디지털트레이닝,2024-03-04,2024-09-04,서울 중구,4.34
(주)신세계아이앤씨,클라우드 엔지니어 양성과정,2,18,12,75.0,NW엔지니어링,과정 종료,20,40,K-디지털트레이닝,2023-08-07,2024-02-02,서울 중구,3.6
(주)신세계아이앤씨,클라우드 엔지니어 양성과정,3,20,12,58.3,NW엔지니어링,과정 종료,29,40,K-디지털트레이닝,2023-12-01,2024-05-30,서울 중구,3.6
(주)알파코,[누구나 AI] 딥러닝 부트 캠프,7,14,11,36.4,빅데이터플랫폼구축,과정 종료,18,32,K-디지털트레이닝,2023-07-26,2024-01-30,서울 성동구,4.19
(주)알파코,[누구나 AI] 딥러닝 부트 캠프,8,13,10,40.0,빅데이터플랫폼구축,과정 종료,14,32,K-디지털트레이닝,2023-11-06,2024-05-10,서울 성동구,4.19
(주)알파코,[누구나 AI] 딥러닝 부트 캠프,9,17,14,진행중,빅데이터플랫폼구축,진행중,20,32,K-디지털트레이닝,2024-02-26,2024-08-29,서울 성동구,4.19
(주)알파코,[스마트훈련] 누구나 테크 코스 : AI 엔지니어 부트 캠프,6,15,10,40.0,응용SW엔지니어링,과정 종료,22,50,K-디지털트레이닝,2023-07-03,2023-12-29,서울 성동구,3.77
(주)알파코,[스마트훈련] 누구나 테크 코스 : AI 엔지니어 부트 캠프,7,15,8,50.0,응용SW엔지니어링,과정 종료,29,50,K-디지털트레이닝,2023-09-01,2024-03-06,서울 성동구,3.77
(주)엘리스그룹,엘리스 AI 웹 풀스택 트랙 ,1,36,31,진행중,응용SW엔지니어링,진행중,47,75,K-디지털트레이닝,2024-03-04,2024-08-09,서울 강남구,4.08
(주)엘리스그룹,엘리스 AI 웹 풀스택 트랙 ,2,23,17,진행중,응용SW엔지니어링,진행중,27,75,K-디지털트레이닝,2024-04-22,2024-10-04,서울 강남구,4.08
(주)엘리스그룹,엘리스 IoT 사물인터넷 엔지니어 트랙,2,16,12,진행중,IoT시스템연동,진행중,17,50,K-디지털트레이닝,2024-03-25,2024-09-06,서울 강남구,4.34
(주)엘리스그룹,엘리스 클라우드(자바/스프링) 기반 백엔드 엔지니어 트랙,1,22,14,57.1,응용SW엔지니어링,과정 종료,29,100,K-디지털트레이닝,2023-11-20,2024-05-10,서울 강남구,4.04
(주)엘리스그룹,엘리스 클라우드(자바/스프링) 기반 백엔드 엔지니어 트랙,2,69,47,31.9,응용SW엔지니어링,과정 종료,74,100,K-디지털트레이닝,2023-12-25,2024-06-14,서울 강남구,4.04
(주)엘리스그룹,엘리스 클라우드(자바/스프링) 기반 백엔드 엔지니어 트랙,3,83,3,진행중,응용SW엔지니어링,진행중,94,100,K-디지털트레이닝,2024-03-04,2024-08-16,서울 강남구,4.04
(주)엘리스그룹,엘리스 프론트엔드&백엔드 웹 개발자 트랙,8,64,53,30.2,응용SW엔지니어링,과정 종료,67,173,K-디지털트레이닝,2023-08-07,2023-12-01,서울 강남구,4.17
(주)엘리스그룹,엘리스 프론트엔드&백엔드 웹 개발자 트랙,9,60,52,36.5,응용SW엔지니어링,과정 종료,70,173,K-디지털트레이닝,2023-09-04,2023-12-29,서울 강남구,4.17
(주)엘리스그룹,엘리스 프론트엔드&백엔드 웹 개발자 트랙,10,54,43,32.5,응용SW엔지니어링,과정 종료,59,173,K-디지털트레이닝,2023-12-25,2024-04-19,서울 강남구,4.17
(주)엘리스그룹,엘리스 프론트엔드&백엔드 웹 개발자 트랙,11,31,22,진행중,응용SW엔지니어링,진행중,34,173,K-디지털트레이닝,2024-04-22,2024-08-09,서울 강남구,4.17
(주)우아한형제들,우아한테크코스 모바일 안드로이드,1,19,17,진행중,응용SW엔지니어링,진행중,19,25,K-디지털트레이닝,2024-05-17,2024-12-06,서울 송파구,4.82
(주)우아한형제들,우아한테크코스 웹 백엔드,1,71,66,진행중,응용SW엔지니어링,진행중,74,80,K-디지털트레이닝,2024-05-17,2024-12-06,서울 송파구,4.92
(주)우아한형제들,우아한테크코스 웹 프론트엔드 과정,3,32,29,진행중,응용SW엔지니어링,진행중,33,40,K-디지털트레이닝,2024-02-14,2024-11-20,서울 송파구,4.95
(주)이스트소프트,"[이스트캠프]오르미 백엔드 개발(Java, Spring, JPA)",2,77,62,38.7,응용SW엔지니어링,과정 종료,85,80,K-디지털트레이닝,2023-06-19,2023-11-03,서울 서초구,4.17
(주)이스트소프트,"[이스트캠프]오르미 백엔드 개발(Java, Spring, JPA)",3,42,35,37.1,응용SW엔지니어링,과정 종료,47,85,K-디지털트레이닝,2023-08-16,2023-12-29,서울 서초구,4.17
(주)이스트소프트,"[이스트캠프]오르미 백엔드 개발(Java, Spring, JPA)",4,71,48,33.3,응용SW엔지니어링,과정 종료,86,80,K-디지털트레이닝,2024-01-02,2024-05-17,서울 서초구,4.17
(주)이스트소프트,"[이스트캠프]오르미 백엔드 개발(Java, Spring, JPA)",5,63,45,진행중,응용SW엔지니어링,진행중,70,80,K-디지털트레이닝,2024-05-02,2024-09-13,서울 서초구,4.17
(주)천재교육,에듀테크 상품서비스 PM(프로덕트매니저) 양성,2,16,14,92.9,SW제품기획,과정 종료,20,20,K-디지털트레이닝,2023-07-03,2023-12-28,서울 금천구,3.82
(주)천재교육,에듀테크 상품서비스 PM(프로덕트매니저) 양성,3,19,14,92.9,SW제품기획,과정 종료,21,20,K-디지털트레이닝,2023-09-19,2024-03-25,서울 금천구,3.82
(주)천재교육,에듀테크 상품서비스 PM(프로덕트매니저) 양성,4,13,7,100.0,SW제품기획,과정 종료,18,20,K-디지털트레이닝,2023-12-21,2024-06-25,서울 금천구,3.82
(주)천재교육,에듀테크 상품서비스 PM(프로덕트매니저) 양성,5,12,11,100.0,SW제품기획,과정 종료,20,20,K-디지털트레이닝,2024-01-26,2024-07-26,서울 금천구,3.82
(주)천재교육,에듀테크 상품서비스 PM(프로덕트매니저) 양성,6,17,14,진행중,SW제품기획,진행중,18,20,K-디지털트레이닝,2024-04-24,2024-10-29,서울 금천구,3.82
(주)천재교육,에듀테크 풀스택 개발자 양성(Java),2,18,17,100.0,응용SW엔지니어링,과정 종료,20,20,K-디지털트레이닝,2023-07-03,2023-12-28,서울 금천구,3.83
(주)천재교육,에듀테크 풀스택 개발자 양성(Java),3,19,14,100.0,응용SW엔지니어링,과정 종료,19,20,K-디지털트레이닝,2023-09-19,2024-03-25,서울 금천구,3.83
(주)천재교육,에듀테크 풀스택 개발자 양성(Java),4,15,14,92.9,응용SW엔지니어링,과정 종료,19,20,K-디지털트레이닝,2023-12-18,2024-06-20,서울 금천구,3.83
(주)천재교육,에듀테크 풀스택 개발자 양성(Java),5,17,11,90.9,응용SW엔지니어링,과정 종료,19,20,K-디지털트레이닝,2024-02-01,2024-08-01,서울 금천구,3.83
(주)천재교육,에듀테크 풀스택 개발자 양성(Java),6,9,9,진행중,응용SW엔지니어링,진행중,12,20,K-디지털트레이닝,2024-05-09,2024-11-11,서울 금천구,3.83
(주)천재교육,프로젝트 기반 빅데이터 서비스 개발자 양성 과정,4,16,14,100.0,빅데이터분석,과정 종료,19,20,K-디지털트레이닝,2023-07-03,2024-01-02,서울 금천구,4.06
(주)천재교육,프로젝트 기반 빅데이터 서비스 개발자 양성 과정,5,11,8,100.0,빅데이터분석,과정 종료,14,20,K-디지털트레이닝,2023-09-18,2024-03-26,서울 금천구,4.06
(주)천재교육,프로젝트 기반 빅데이터 서비스 개발자 양성 과정,6,16,14,85.7,빅데이터분석,과정 종료,20,20,K-디지털트레이닝,2023-12-13,2024-06-19,서울 금천구,4.06
(주)천재교육,프로젝트 기반 빅데이터 서비스 개발자 양성 과정,7,15,12,83.3,빅데이터분석,과정 종료,19,20,K-디지털트레이닝,2024-01-25,2024-07-29,서울 금천구,4.06
(주)천재교육,프로젝트 기반 빅데이터 서비스 개발자 양성 과정,8,9,9,진행중,빅데이터분석,진행중,11,20,K-디지털트레이닝,2024-05-09,2024-11-13,서울 금천구,4.06
(주)케이지에듀원 아이티뱅크노량진학원,공공데이터를 활용한 데이터 분석 융합 웹 서비스 개발자 양성,1,9,8,37.5,응용SW엔지니어링,과정 종료,10,22,K-디지털트레이닝,2023-08-30,2024-02-29,서울 동작구,4.17
(주)케이지에듀원 아이티뱅크노량진학원,공공데이터를 활용한 데이터 분석 융합 웹 서비스 개발자 양성,2,20,12,41.6,응용SW엔지니어링,과정 종료,22,22,K-디지털트레이닝,2023-10-10,2024-04-12,서울 동작구,4.17
(주)케이지에듀원 아이티뱅크노량진학원,공공데이터를 활용한 데이터 분석 융합 웹 서비스 개발자 양성,3,19,17,진행중,응용SW엔지니어링,진행중,19,22,K-디지털트레이닝,2024-03-25,2024-09-23,서울 동작구,4.17
(주)케이지에듀원 아이티뱅크노량진학원,공공데이터를 활용한 데이터 분석 융합 웹 서비스 개발자 양성,4,17,16,진행중,응용SW엔지니어링,진행중,20,22,K-디지털트레이닝,2024-05-27,2024-11-26,서울 동작구,4.17
(주)케이지에듀원 아이티뱅크노량진학원,인공지능 기반 빅데이터 서비스 플랫폼 구축 전문가 양성,1,14,10,20.0,응용SW엔지니어링,과정 종료,14,22,K-디지털트레이닝,2023-12-28,2024-07-16,서울 동작구,3.6
(주)케이지에듀원 아이티뱅크노량진학원,인공지능 기반 빅데이터 서비스 플랫폼 구축 전문가 양성,2,18,12,진행중,응용SW엔지니어링,진행중,23,22,K-디지털트레이닝,2024-04-16,2024-10-28,서울 동작구,3.6
(주)케이지에듀원 아이티뱅크노량진학원,퍼블릭 클라우드 기반 인프라 보안 운영(SecOps) 엔지니어 양성,1,22,15,46.7,IT시스템관리,과정 종료,22,22,K-디지털트레이닝,2023-10-23,2024-03-21,서울 동작구,4.0
(주)케이지에듀원 아이티뱅크노량진학원,퍼블릭 클라우드 기반 인프라 보안 운영(SecOps) 엔지니어 양성,2,17,12,75.0,IT시스템관리,과정 종료,18,22,K-디지털트레이닝,2023-12-19,2024-05-21,서울 동작구,4.0
(주)케이지에듀원 아이티뱅크노량진학원,퍼블릭 클라우드 기반 인프라 보안 운영(SecOps) 엔지니어 양성,3,20,14,진행중,IT시스템관리,진행중,24,22,K-디지털트레이닝,2024-04-04,2024-09-02,서울 동작구,4.0
(주)포스코 미래창조아카데미,스마트팩토리 개발자 고급 과정,1,11,9,44.4,응용SW엔지니어링,과정 종료,14,25,K-디지털트레이닝,2023-10-16,2024-01-23,경북 포항시 남구,4.13
(주)포스코 미래창조아카데미,스마트팩토리 개발자 입문 과정,3,24,10,50.0,응용SW엔지니어링,과정 종료,26,25,K-디지털트레이닝,2023-08-28,2024-02-21,경북 포항시 남구,4.13
(주)포스코 미래창조아카데미,스마트팩토리 개발자 입문 과정,4,12,4,75.0,응용SW엔지니어링,과정 종료,16,25,K-디지털트레이닝,2023-12-28,2024-06-25,경북 포항시 남구,4.13
(주)포스코 미래창조아카데미,스마트팩토리 개발자 입문 과정,5,15,7,진행중,응용SW엔지니어링,진행중,20,25,K-디지털트레이닝,2024-04-17,2024-10-15,경북 포항시 남구,4.13
(주)포스코 미래창조아카데미,웹개발자 입문 과정,8,27,19,36.8,응용SW엔지니어링,과정 종료,33,30,K-디지털트레이닝,2023-07-03,2023-12-23,경북 포항시 남구,4.04
(주)포스코 미래창조아카데미,웹개발자 입문 과정,9,28,25,56.0,응용SW엔지니어링,과정 종료,32,30,K-디지털트레이닝,2023-07-03,2023-12-22,경북 포항시 남구,4.04
(주)포스코 미래창조아카데미,웹개발자 입문 과정,10,24,18,22.2,응용SW엔지니어링,과정 종료,26,30,K-디지털트레이닝,2023-10-23,2024-04-15,경북 포항시 남구,4.04
(주)포스코 미래창조아카데미,웹개발자 입문 과정,11,18,9,33.3,응용SW엔지니어링,과정 종료,30,30,K-디지털트레이닝,2023-12-26,2024-06-21,경북 포항시 남구,4.04
(주)포스코 미래창조아카데미,웹개발자 입문 과정,12,6,3,진행중,응용SW엔지니어링,진행중,6,30,K-디지털트레이닝,2024-02-21,2024-08-13,경북 포항시 남구,4.04
(주)포스코 미래창조아카데미,웹개발자 입문 과정,13,17,7,진행중,응용SW엔지니어링,진행중,18,20,K-디지털트레이닝,2024-05-29,2024-11-21,경북 포항시 남구,4.04
KH정보교육원 강남지원,Python 활용 빅데이터 기반 금융 솔루션 UI 개발자 양성과정,3,23,20,75.0,빅데이터분석,과정 종료,23,23,K-디지털트레이닝,2023-08-14,2024-02-21,서울 강남구,3.84
KH정보교육원 강남지원,Python 활용 빅데이터 기반 금융 솔루션 UI 개발자 양성과정,4,21,15,진행중,빅데이터분석,진행중,24,23,K-디지털트레이닝,2024-02-26,2024-08-30,서울 강남구,3.84
KH정보교육원 강남지원,인공지능 분석기반 자율주행 SW 개발자 양성과정,1,15,8,25.0,응용SW엔지니어링,과정 종료,16,23,K-디지털트레이닝,2023-10-31,2024-05-27,서울 강남구,5.0
KH정보교육원 종로지원,(클라우드 운영 관리)클라우드 컴퓨팅 엔지니어 양성 과정,5,23,20,85.0,IT시스템관리,과정 종료,28,30,K-디지털트레이닝,2023-07-13,2024-01-22,서울 중구,4.43
KH정보교육원 종로지원,IaC 기반 CDC (CloudDataCenter) 엔지니어 양성,1,23,18,72.2,IT시스템관리,과정 종료,25,30,K-디지털트레이닝,2023-12-29,2024-07-10,서울 중구,4.46
강남 그린컴퓨터아카데미,파이썬(Python) 활용 빅데이터 분석 & 태블로(Tableau) 활용 데이터 시각화,2,7,6,50.0,빅데이터분석,과정 종료,24,20,K-디지털트레이닝,2023-12-12,2024-06-12,서울 강남구,4.24
강남 그린컴퓨터아카데미,"프로젝트기반 자바(스프링,백엔드)&파이썬(OCR) 풀스택 웹 개발자 양성과정",7,16,7,42.9,응용SW엔지니어링,과정 종료,20,20,K-디지털트레이닝,2023-10-25,2024-05-03,서울 강남구,3.93
강남 그린컴퓨터아카데미,"프로젝트기반 자바(스프링,백엔드)&파이썬(OCR) 풀스택 웹 개발자 양성과정",8,13,11,진행중,응용SW엔지니어링,진행중,23,20,K-디지털트레이닝,2024-02-14,2024-08-23,서울 강남구,3.93
강남 그린컴퓨터아카데미,"프로젝트기반 자바(스프링,백엔드)&파이썬(OCR) 풀스택 웹 개발자 양성과정",9,13,7,진행중,응용SW엔지니어링,진행중,20,20,K-디지털트레이닝,2024-05-29,2024-12-12,서울 강남구,3.93
강남 그린컴퓨터아카데미,"프로젝트기반 프론트엔드(React,Vue) 웹&앱 SW개발자 양성과정",12,15,12,50.0,응용SW엔지니어링,과정 종료,25,30,K-디지털트레이닝,2023-09-21,2024-03-21,서울 강남구,4.2
강남 그린컴퓨터아카데미,"프로젝트기반 프론트엔드(React,Vue) 웹&앱 SW개발자 양성과정",13,12,8,37.5,응용SW엔지니어링,과정 종료,15,30,K-디지털트레이닝,2023-10-31,2024-04-26,서울 강남구,4.2
강남 그린컴퓨터아카데미,"프로젝트기반 프론트엔드(React,Vue) 웹&앱 SW개발자 양성과정",14,10,6,50.0,응용SW엔지니어링,과정 종료,12,20,K-디지털트레이닝,2023-12-27,2024-06-25,서울 강남구,4.2
강남 그린컴퓨터아카데미,"프로젝트기반 프론트엔드(React,Vue) 웹&앱 SW개발자 양성과정",15,12,10,진행중,응용SW엔지니어링,진행중,22,20,K-디지털트레이닝,2024-03-29,2024-09-26,서울 강남구,4.2
강남 그린컴퓨터아카데미,"프로젝트기반 프론트엔드(React,Vue) 웹&앱 SW개발자 양성과정",16,10,9,진행중,응용SW엔지니어링,진행중,16,20,K-디지털트레이닝,2024-05-28,2024-11-27,서울 강남구,4.2
구디아카데미,클라우드 활용 자바개발자 양성과정,7,24,22,31.8,응용SW엔지니어링,과정 종료,27,28,K-디지털트레이닝,2023-07-26,2024-01-19,서울 금천구,4.42
구디아카데미,클라우드 활용 자바개발자 양성과정,8,22,17,53.0,응용SW엔지니어링,과정 종료,24,28,K-디지털트레이닝,2023-08-07,2024-02-01,서울 금천구,4.42
구디아카데미,클라우드 활용 자바개발자 양성과정,9,25,21,85.7,응용SW엔지니어링,과정 종료,25,28,K-디지털트레이닝,2023-09-18,2024-03-15,서울 금천구,4.42
구디아카데미,클라우드 활용 자바개발자 양성과정,10,24,13,92.3,응용SW엔지니어링,과정 종료,26,28,K-디지털트레이닝,2023-10-23,2024-04-15,서울 금천구,4.42
구디아카데미,클라우드 활용 자바개발자 양성과정,11,19,13,76.9,응용SW엔지니어링,과정 종료,22,28,K-디지털트레이닝,2023-11-13,2024-05-14,서울 금천구,4.42
구디아카데미,클라우드 활용 자바개발자 양성과정,12,28,26,57.6,응용SW엔지니어링,과정 종료,28,28,K-디지털트레이닝,2023-12-11,2024-06-10,서울 금천구,4.42
구디아카데미,클라우드 활용 자바개발자 양성과정,13,27,26,61.5,응용SW엔지니어링,과정 종료,31,29,K-디지털트레이닝,2023-12-26,2024-06-24,서울 금천구,4.42
구디아카데미,클라우드 활용 자바개발자 양성과정,14,27,23,52.2,응용SW엔지니어링,과정 종료,30,29,K-디지털트레이닝,2024-01-22,2024-07-17,서울 금천구,4.42
구디아카데미,클라우드 활용 자바개발자 양성과정,15,26,20,50.0,응용SW엔지니어링,과정 종료,32,28,K-디지털트레이닝,2024-02-13,2024-08-07,서울 금천구,4.42
구디아카데미,클라우드 활용 자바개발자 양성과정,16,27,24,진행중,응용SW엔지니어링,진행중,30,28,K-디지털트레이닝,2024-02-26,2024-08-23,서울 금천구,4.42
구디아카데미,클라우드 활용 자바개발자 양성과정,17,25,18,진행중,응용SW엔지니어링,진행중,29,28,K-디지털트레이닝,2024-03-18,2024-09-20,서울 금천구,4.42
구디아카데미,클라우드 활용 자바개발자 양성과정,18,27,25,진행중,응용SW엔지니어링,진행중,31,28,K-디지털트레이닝,2024-04-17,2024-10-21,서울 금천구,4.42
구디아카데미,클라우드 활용 자바개발자 양성과정,19,14,10,진행중,응용SW엔지니어링,진행중,17,28,K-디지털트레이닝,2024-05-16,2024-11-12,서울 금천구,4.42
구트아카데미학원,자바(JAVA)활용 데이터 수집 및 분석을 위한 웹 시스템 구축 과정,4,13,10,50.0,응용SW엔지니어링,과정 종료,14,25,K-디지털트레이닝,2023-06-27,2024-01-08,서울 구로구,4.25
구트아카데미학원,자바(JAVA)활용 데이터 수집 및 분석을 위한 웹 시스템 구축 과정,5,12,10,50.0,응용SW엔지니어링,과정 종료,12,25,K-디지털트레이닝,2023-09-12,2024-04-01,서울 구로구,4.25
구트아카데미학원,자바(JAVA)활용 데이터 수집 및 분석을 위한 웹 시스템 구축 과정,6,14,12,50.0,응용SW엔지니어링,과정 종료,19,25,K-디지털트레이닝,2023-12-12,2024-06-21,서울 구로구,4.25
구트아카데미학원,자바(JAVA)활용 데이터 수집 및 분석을 위한 웹 시스템 구축 과정,7,18,14,42.9,응용SW엔지니어링,과정 종료,24,25,K-디지털트레이닝,2024-01-24,2024-07-31,서울 구로구,4.25
구트아카데미학원,자바(JAVA)활용 데이터 수집 및 분석을 위한 웹 시스템 구축 과정,8,17,14,진행중,응용SW엔지니어링,진행중,18,25,K-디지털트레이닝,2024-05-10,2024-11-21,서울 구로구,4.25
구트아카데미학원,"자바와 스프링을 활용한 하이브리드 웹앱 풀스택(프론트,백엔드)개발자",2,10,8,37.5,응용SW엔지니어링,과정 종료,12,25,K-디지털트레이닝,2023-10-17,2024-05-01,서울 구로구,3.81
구트아카데미학원,"자바와 스프링을 활용한 하이브리드 웹앱 풀스택(프론트,백엔드)개발자",3,24,19,진행중,응용SW엔지니어링,진행중,24,25,K-디지털트레이닝,2024-04-05,2024-10-28,서울 구로구,3.81
그린아이티아카데미학원,기업의 수요를 반영한 자바 및 스프링 프레임워크 기반 풀스택 개발자 과정,5,19,14,42.9,응용SW엔지니어링,과정 종료,27,24,K-디지털트레이닝,2023-06-30,2023-12-28,서울 강남구,3.99
그린아이티아카데미학원,기업의 수요를 반영한 자바 및 스프링 프레임워크 기반 풀스택 개발자 과정,6,21,18,61.1,응용SW엔지니어링,과정 종료,27,24,K-디지털트레이닝,2023-08-29,2024-02-29,서울 강남구,3.99
그린컴퓨터아카데미 신촌,[PBT]자바(JAVA)풀스택(프론트/백엔드)&빅데이터분석UI(Python) SW개발자 양성과정,2,해당 정보 없음,0,미실시,빅데이터분석,미실시,1,20,K-디지털트레이닝,2024-03-06,2024-09-11,서울 마포구,4.54
그린컴퓨터아카데미 신촌,[PBT]자바(JAVA)풀스택(프론트/백엔드)&빅데이터분석UI(Python) SW개발자 양성과정,3,10,6,진행중,빅데이터분석,진행중,19,20,K-디지털트레이닝,2024-03-07,2024-09-13,서울 마포구,4.54
그린컴퓨터아트학원,"[KDT]웹퍼블리셔(UIUX)&프론트엔드개발(API,ChatGPT,피그마,리액트,뷰)기업플랫폼프로젝트",1,6,5,60.0,응용SW엔지니어링,과정 종료,8,20,K-디지털트레이닝,2023-12-29,2024-07-03,서울 구로구,4.07
그린컴퓨터아트학원,"[KDT]웹퍼블리셔(UIUX)&프론트엔드개발(API,ChatGPT,피그마,리액트,뷰)기업플랫폼프로젝트",2,13,12,진행중,응용SW엔지니어링,진행중,17,20,K-디지털트레이닝,2024-03-20,2024-09-12,서울 구로구,4.07
그린컴퓨터아트학원,『기업연계 프로젝트형』 웹디자인(웹퍼블리셔)&프론트엔드 SW개발자 양성,4,11,8,50.0,응용SW엔지니어링,과정 종료,17,20,K-디지털트레이닝,2023-12-27,2024-06-26,서울 종로구,4.71
그린컴퓨터아트학원,『기업연계 프로젝트형』 웹디자인(웹퍼블리셔)&프론트엔드 SW개발자 양성,5,15,13,진행중,응용SW엔지니어링,진행중,19,20,K-디지털트레이닝,2024-03-08,2024-09-02,서울 종로구,4.71
글로벌아이티(IT)인재개발학원,데브옵스/MSA/컨테이너 기반의 클라우드 네이티브 엔지니어 전문가 과정,1,9,7,71.4,클라우드솔루션 아키텍처,과정 종료,10,20,K-디지털트레이닝,2023-11-14,2024-05-13,서울 관악구,4.75
글로벌아이티(IT)인재개발학원,데브옵스/MSA/컨테이너 기반의 클라우드 네이티브 엔지니어 전문가 과정,2,14,10,진행중,클라우드솔루션 아키텍처,진행중,17,20,K-디지털트레이닝,2024-05-20,2024-11-15,서울 관악구,4.75
글로벌아이티(IT)인재개발학원,"풀스택 프레임워크(자바,스프링)기반 데이터 융합SW개발자 과정",1,16,13,76.9,응용SW엔지니어링,과정 종료,19,30,K-디지털트레이닝,2023-07-19,2024-01-16,서울 관악구,4.54
글로벌아이티(IT)인재개발학원,"풀스택 프레임워크(자바,스프링)기반 데이터 융합SW개발자 과정",2,19,16,50.1,응용SW엔지니어링,과정 종료,21,30,K-디지털트레이닝,2023-08-22,2024-02-22,서울 관악구,4.54
글로벌아이티(IT)인재개발학원,"풀스택 프레임워크(자바,스프링)기반 데이터 융합SW개발자 과정",3,15,12,58.3,응용SW엔지니어링,과정 종료,17,30,K-디지털트레이닝,2023-09-25,2024-03-29,서울 관악구,4.54
글로벌아이티(IT)인재개발학원,"풀스택 프레임워크(자바,스프링)기반 데이터 융합SW개발자 과정",4,15,14,57.2,응용SW엔지니어링,과정 종료,18,30,K-디지털트레이닝,2023-11-20,2024-05-16,서울 관악구,4.54
글로벌아이티(IT)인재개발학원,"풀스택 프레임워크(자바,스프링)기반 데이터 융합SW개발자 과정",5,12,8,75.0,응용SW엔지니어링,과정 종료,12,23,K-디지털트레이닝,2024-01-25,2024-07-22,서울 관악구,4.54
글로벌아이티(IT)인재개발학원,"풀스택 프레임워크(자바,스프링)기반 데이터 융합SW개발자 과정",6,19,15,진행중,응용SW엔지니어링,진행중,21,23,K-디지털트레이닝,2024-02-27,2024-08-26,서울 관악구,4.54
글로벌아이티(IT)인재개발학원,"풀스택 프레임워크(자바,스프링)기반 데이터 융합SW개발자 과정",7,23,20,진행중,응용SW엔지니어링,진행중,23,30,K-디지털트레이닝,2024-04-04,2024-10-07,서울 관악구,4.54
글로벌아이티(IT)인재개발학원,"풀스택 프레임워크(자바,스프링)기반 데이터 융합SW개발자 과정",8,17,14,진행중,응용SW엔지니어링,진행중,22,30,K-디지털트레이닝,2024-05-22,2024-11-18,서울 관악구,4.54
네이버클라우드주식회사,(네이버클라우드) 클라우드 네이티브 기반 웹 풀스택 개발자 과정,1,22,14,50.0,응용SW엔지니어링,과정 종료,26,30,K-디지털트레이닝,2023-06-07,2023-12-12,경기 성남시 분당구,4.04
네이버클라우드주식회사,(네이버클라우드) 클라우드 네이티브 기반 웹 풀스택 개발자 과정,2,22,17,53.0,응용SW엔지니어링,과정 종료,25,30,K-디지털트레이닝,2023-06-30,2024-01-08,경기 성남시 분당구,4.04
네이버클라우드주식회사,(네이버클라우드) 클라우드 네이티브 기반 웹 풀스택 개발자 과정,3,29,20,25.0,응용SW엔지니어링,과정 종료,37,30,K-디지털트레이닝,2023-08-29,2024-03-08,경기 성남시 분당구,4.04
네이버클라우드주식회사,(네이버클라우드) 클라우드 네이티브 기반 웹 풀스택 개발자 과정,4,16,10,30.0,응용SW엔지니어링,과정 종료,19,30,K-디지털트레이닝,2023-10-13,2024-04-19,경기 성남시 분당구,4.04
네이버클라우드주식회사,(네이버클라우드) 클라우드 네이티브 기반 웹 풀스택 개발자 과정,5,24,19,47.4,응용SW엔지니어링,과정 종료,25,30,K-디지털트레이닝,2023-11-14,2024-05-23,경기 성남시 분당구,4.04
네이버클라우드주식회사,(네이버클라우드) 클라우드 네이티브 기반 웹 풀스택 개발자 과정,6,27,22,36.4,응용SW엔지니어링,과정 종료,36,30,K-디지털트레이닝,2023-12-19,2024-06-27,경기 성남시 분당구,4.04
네이버클라우드주식회사,(네이버클라우드) 클라우드 네이티브 기반 웹 풀스택 개발자 과정,7,27,19,31.6,응용SW엔지니어링,과정 종료,38,30,K-디지털트레이닝,2023-12-29,2024-07-16,경기 성남시 분당구,4.04
네이버클라우드주식회사,(네이버클라우드) 클라우드 네이티브 기반 웹 풀스택 개발자 과정,8,29,20,70.0,응용SW엔지니어링,과정 종료,33,30,K-디지털트레이닝,2024-01-23,2024-07-30,경기 성남시 분당구,4.04
네이버클라우드주식회사,(네이버클라우드) 클라우드 네이티브 기반 웹 풀스택 개발자 과정,9,27,23,진행중,응용SW엔지니어링,진행중,32,30,K-디지털트레이닝,2024-02-14,2024-08-20,경기 성남시 분당구,4.04
네이버클라우드주식회사,(네이버클라우드) 클라우드 네이티브 기반 웹 풀스택 개발자 과정,10,29,27,진행중,응용SW엔지니어링,진행중,33,30,K-디지털트레이닝,2024-02-20,2024-08-26,경기 성남시 분당구,4.04
네이버클라우드주식회사,(네이버클라우드) 클라우드 네이티브 기반 웹 풀스택 개발자 과정,11,29,27,진행중,응용SW엔지니어링,진행중,32,30,K-디지털트레이닝,2024-03-14,2024-09-20,경기 성남시 분당구,4.04
네이버클라우드주식회사,(네이버클라우드) 클라우드 네이티브 기반 웹 풀스택 개발자 과정,12,28,22,진행중,응용SW엔지니어링,진행중,36,30,K-디지털트레이닝,2024-04-24,2024-11-05,경기 성남시 분당구,4.04
네이버클라우드주식회사,(네이버클라우드) 클라우드 네이티브 기반 웹 풀스택 개발자 과정,13,30,24,진행중,응용SW엔지니어링,진행중,31,30,K-디지털트레이닝,2024-04-30,2024-11-11,경기 성남시 분당구,4.04
네이버클라우드주식회사,(네이버클라우드) 클라우드 네이티브 기반 웹 풀스택 개발자 과정,14,23,21,진행중,응용SW엔지니어링,진행중,25,30,K-디지털트레이닝,2024-05-24,2024-12-03,경기 성남시 분당구,4.04
네이버클라우드주식회사,[네이버클라우드] 클라우드 기반의 AIaaS 개발자 과정,8,24,22,진행중,응용SW엔지니어링,진행중,31,30,K-디지털트레이닝,2024-04-22,2024-10-25,경기 성남시 분당구,4.09
넥스트러너스평생교육시설,[스마트훈련] IT 스타트업 실무형 멀티플랫폼 프론트엔드 개발 부트캠프,1,32,16,37.6,응용SW엔지니어링,과정 종료,39,32,K-디지털트레이닝,2023-12-07,2024-06-04,서울 서초구,4.5
넥스트러너스평생교육시설,[스마트훈련] IT 스타트업 실무형 멀티플랫폼 프론트엔드 개발 부트캠프,2,33,16,31.3,응용SW엔지니어링,과정 종료,35,33,K-디지털트레이닝,2023-12-28,2024-06-25,서울 서초구,4.5
넥스트러너스평생교육시설,[스마트훈련] IT 스타트업 실무형 멀티플랫폼 프론트엔드 개발 부트캠프,3,23,19,진행중,응용SW엔지니어링,진행중,26,30,K-디지털트레이닝,2024-03-21,2024-09-12,서울 서초구,4.5
넥스트러너스평생교육시설,[스마트훈련] IT 스타트업 실무형 백엔드 개발 부트캠프,1,29,13,53.9,응용SW엔지니어링,과정 종료,32,30,K-디지털트레이닝,2023-12-07,2024-06-04,서울 서초구,4.24
넥스트러너스평생교육시설,[스마트훈련] IT 스타트업 실무형 백엔드 개발 부트캠프,2,29,14,35.7,응용SW엔지니어링,과정 종료,32,30,K-디지털트레이닝,2023-12-28,2024-06-25,서울 서초구,4.24
넥스트러너스평생교육시설,[스마트훈련] IT 스타트업 실무형 백엔드 개발 부트캠프,3,26,17,진행중,응용SW엔지니어링,진행중,32,30,K-디지털트레이닝,2024-03-21,2024-09-12,서울 서초구,4.24
넥스트러너스평생교육시설,[스마트훈련][스타트업트랙] IT 스타트업 실무형 사업 개발자(BD) 부트캠프,1,54,23,26.1,SW제품기획,과정 종료,61,60,K-디지털트레이닝,2023-12-27,2024-05-22,서울 서초구,3.83
넥스트러너스평생교육시설,[스마트훈련][스타트업트랙] IT 스타트업 실무형 사업 개발자(BD) 부트캠프,2,43,38,진행중,SW제품기획,진행중,52,60,K-디지털트레이닝,2024-05-10,2024-09-10,서울 서초구,3.83
노원그린컴퓨터아카데미,Open API를 활용한 자바(JAVA)기반 챗봇 웹개발자(CI/CD) 양성과정,4,14,9,55.5,응용SW엔지니어링,과정 종료,17,30,K-디지털트레이닝,2023-08-23,2024-02-29,서울 노원구,4.54
노원그린컴퓨터아카데미,Open API를 활용한 자바(JAVA)기반 챗봇 웹개발자(CI/CD) 양성과정,5,10,7,85.7,응용SW엔지니어링,과정 종료,13,30,K-디지털트레이닝,2023-12-26,2024-06-28,서울 노원구,4.54
노원그린컴퓨터아카데미,Open API를 활용한 자바(JAVA)기반 챗봇 웹개발자(CI/CD) 양성과정,6,15,14,진행중,응용SW엔지니어링,진행중,17,30,K-디지털트레이닝,2024-03-14,2024-09-13,서울 노원구,4.54
노원그린컴퓨터아카데미,WebGL(3D API)을 활용한 Motion UI 프론트엔드 웹앱개발자 양성과정,2,9,8,진행중,응용SW엔지니어링,진행중,10,20,K-디지털트레이닝,2024-01-23,2024-08-09,서울 노원구,4.62
대신IT평생교육원,스마트팜 전문가 양성과정,1,16,14,71.4,응용SW엔지니어링,과정 종료,19,20,K-디지털트레이닝,2023-12-04,2024-05-30,서울 강동구,3.67
대우능력개발원,클라우드 기반 정보시스템 구축 전문가 양성,1,12,10,70.0,IT시스템관리,과정 종료,17,25,K-디지털트레이닝,2023-12-19,2024-06-17,서울 중랑구,4.46
대우능력개발원,클라우드 기반 정보시스템 구축 전문가 양성,2,15,12,진행중,IT시스템관리,진행중,17,25,K-디지털트레이닝,2024-04-16,2024-10-14,서울 중랑구,4.46
대한상공회의소,SAP Young Next Cloud Academy,13,25,24,95.8,응용SW엔지니어링,과정 종료,26,25,K-디지털트레이닝,2023-06-27,2023-12-20,서울 중구,4.58
대한상공회의소,SAP Young Next Cloud Academy,14,25,24,70.9,응용SW엔지니어링,과정 종료,27,25,K-디지털트레이닝,2023-06-27,2023-12-20,서울 중구,4.58
대한상공회의소,SAP Young Next Cloud Academy,15,25,23,87.0,응용SW엔지니어링,과정 종료,29,25,K-디지털트레이닝,2023-06-27,2023-12-20,서울 중구,4.58
대한상공회의소,SAP Young Next Cloud Academy,16,24,23,78.3,응용SW엔지니어링,과정 종료,25,25,K-디지털트레이닝,2023-06-27,2023-12-20,서울 중구,4.58
대한상공회의소,SAP Young Next Cloud Academy,17,25,25,100.0,응용SW엔지니어링,과정 종료,25,25,K-디지털트레이닝,2023-06-27,2023-12-20,서울 중구,4.58
대한상공회의소,SAP Young Next Cloud Academy,18,25,25,92.0,응용SW엔지니어링,과정 종료,26,25,K-디지털트레이닝,2023-06-27,2023-12-20,서울 중구,4.58
대한상공회의소,SAP Young Next Cloud Academy,19,20,18,83.3,응용SW엔지니어링,과정 종료,20,25,K-디지털트레이닝,2023-06-27,2023-12-20,서울 중구,4.58
대한상공회의소,SAP Young Next Cloud Academy,20,25,24,79.2,응용SW엔지니어링,과정 종료,26,25,K-디지털트레이닝,2023-12-28,2024-06-25,서울 중구,4.58
대한상공회의소,SAP Young Next Cloud Academy,21,25,23,95.7,응용SW엔지니어링,과정 종료,27,25,K-디지털트레이닝,2023-12-28,2024-06-25,서울 중구,4.58
대한상공회의소,SAP Young Next Cloud Academy,22,25,24,70.8,응용SW엔지니어링,과정 종료,26,25,K-디지털트레이닝,2023-12-28,2024-06-25,서울 중구,4.58
대한상공회의소,SAP Young Next Cloud Academy,23,25,23,73.9,응용SW엔지니어링,과정 종료,25,25,K-디지털트레이닝,2023-12-28,2024-06-25,서울 중구,4.58
대한상공회의소,SAP Young Next Cloud Academy,24,25,23,91.3,응용SW엔지니어링,과정 종료,26,25,K-디지털트레이닝,2023-12-28,2024-06-25,서울 중구,4.58
대한상공회의소,SAP Young Next Cloud Academy,25,25,25,72.0,응용SW엔지니어링,과정 종료,27,25,K-디지털트레이닝,2023-12-28,2024-06-25,서울 중구,4.58
대한상공회의소,[GSITM] 부트캠프,1,14,9,진행중,응용SW엔지니어링,진행중,15,20,K-디지털트레이닝,2023-12-29,2024-08-23,서울 중구,3.35
대한상공회의소,[GSITM] 부트캠프,2,24,20,35.0,응용SW엔지니어링,과정 종료,32,30,K-디지털트레이닝,2024-03-05,2024-07-02,서울 중구,3.35
대한상공회의소,[GSITM] 부트캠프,3,27,22,50.0,응용SW엔지니어링,과정 종료,33,30,K-디지털트레이닝,2024-03-29,2024-07-25,서울 중구,3.35
대한상공회의소,[GSITM] 부트캠프,4,25,23,진행중,응용SW엔지니어링,진행중,26,30,K-디지털트레이닝,2024-05-23,2024-09-13,서울 중구,3.35
대한상공회의소,[Intel] 엣지 AI SW 아카데미,2,23,19,68.5,응용SW엔지니어링,과정 종료,27,25,K-디지털트레이닝,2023-07-04,2024-01-31,서울 중구,4.45
대한상공회의소,[Intel] 엣지 AI SW 아카데미,3,25,21,81.0,응용SW엔지니어링,과정 종료,26,26,K-디지털트레이닝,2023-07-04,2024-01-24,서울 중구,4.45
대한상공회의소,[Intel] 엣지 AI SW 아카데미,4,20,18,55.6,응용SW엔지니어링,과정 종료,23,25,K-디지털트레이닝,2023-10-05,2024-04-23,서울 중구,4.45
대한상공회의소,[Intel] 엣지 AI SW 아카데미,5,해당 정보 없음,0,미실시,응용SW엔지니어링,미실시,0,25,K-디지털트레이닝,2023-09-20,2024-04-05,서울 중구,4.45
대한상공회의소,[Intel] 엣지 AI SW 아카데미,6,21,18,83.4,응용SW엔지니어링,과정 종료,25,25,K-디지털트레이닝,2023-09-13,2024-03-29,서울 중구,4.45
대한상공회의소,[Intel] 엣지 AI SW 아카데미,7,19,16,75.0,응용SW엔지니어링,과정 종료,22,25,K-디지털트레이닝,2023-10-25,2024-04-25,서울 중구,4.45
대한상공회의소,[Intel] 엣지 AI SW 아카데미,8,17,10,70.0,응용SW엔지니어링,과정 종료,22,25,K-디지털트레이닝,2023-10-12,2024-04-22,서울 중구,4.45
대한상공회의소,[Intel] 엣지 AI SW 아카데미,9,29,27,진행중,응용SW엔지니어링,진행중,35,30,K-디지털트레이닝,2024-03-05,2024-09-25,서울 중구,4.45
대한상공회의소,[RedHat] 하이브리드 클라우드 엔지니어 양성,4,22,10,70.0,인프라스트럭쳐아키텍처구축,과정 종료,23,24,K-디지털트레이닝,2023-07-24,2024-01-18,서울 중구,3.56
대한상공회의소,[RedHat] 하이브리드 클라우드 엔지니어 양성,5,18,14,42.9,인프라스트럭쳐아키텍처구축,과정 종료,21,24,K-디지털트레이닝,2024-01-15,2024-07-11,서울 중구,3.56
대한상공회의소,[RedHat] 하이브리드 클라우드 엔지니어 양성,6,15,15,진행중,인프라스트럭쳐아키텍처구축,진행중,19,24,K-디지털트레이닝,2024-04-01,2024-09-30,서울 중구,3.56
대한상공회의소,[SK플래닛] 빅데이터 분석가 과정,3,22,19,73.7,빅데이터분석,과정 종료,24,25,K-디지털트레이닝,2023-07-26,2024-01-20,서울 중구,4.22
대한상공회의소,[SK플래닛] 빅데이터 분석가 과정,4,16,13,61.5,빅데이터분석,과정 종료,21,25,K-디지털트레이닝,2023-11-29,2024-05-25,서울 중구,4.22
대한상공회의소,[SK플래닛] 빅데이터 분석가 과정,5,26,22,진행중,빅데이터분석,진행중,33,28,K-디지털트레이닝,2024-03-20,2024-09-07,서울 중구,4.22
대한상공회의소,[SK플래닛] 웹풀스택 개발자 과정,3,25,20,40.0,응용SW엔지니어링,과정 종료,28,26,K-디지털트레이닝,2023-07-26,2024-01-20,서울 중구,3.75
대한상공회의소,[SK플래닛] 웹풀스택 개발자 과정,4,10,9,44.4,응용SW엔지니어링,과정 종료,10,25,K-디지털트레이닝,2023-12-27,2024-06-20,서울 중구,3.75
대한상공회의소,[SK플래닛] 웹풀스택 개발자 과정,5,25,20,진행중,응용SW엔지니어링,진행중,27,26,K-디지털트레이닝,2024-03-20,2024-09-11,서울 중구,3.75
대한상공회의소,[마이크로소프트] Microsoft AI School,10,25,17,23.5,응용SW엔지니어링,과정 종료,30,30,K-디지털트레이닝,2023-06-26,2023-12-15,서울 중구,3.94
대한상공회의소,[마이크로소프트] Microsoft AI School,11,22,16,62.6,응용SW엔지니어링,과정 종료,23,30,K-디지털트레이닝,2023-06-26,2023-12-15,서울 중구,3.94
대한상공회의소,[마이크로소프트] Microsoft AI School,12,29,18,50.0,응용SW엔지니어링,과정 종료,35,30,K-디지털트레이닝,2023-06-26,2023-12-15,서울 중구,3.94
대한상공회의소,[마이크로소프트] Microsoft AI School,13,19,12,33.3,응용SW엔지니어링,과정 종료,21,30,K-디지털트레이닝,2023-06-26,2023-12-15,서울 중구,3.94
대한상공회의소,[세일즈포스] 청년 CRM101,1,39,24,95.8,클라우드솔루션 아키텍처,과정 종료,44,40,K-디지털트레이닝,2023-12-01,2024-04-12,서울 중구,4.04
대한상공회의소,[신한DS] 금융 SW 아카데미,3,28,24,62.5,응용SW엔지니어링,과정 종료,30,28,K-디지털트레이닝,2023-08-29,2024-02-29,서울 중구,4.5
대한상공회의소,[신한DS] 금융 SW 아카데미,4,28,24,83.3,응용SW엔지니어링,과정 종료,31,28,K-디지털트레이닝,2023-08-29,2024-02-29,서울 중구,4.5
대한상공회의소,[신한DS] 금융 SW 아카데미,5,28,22,진행중,응용SW엔지니어링,진행중,30,28,K-디지털트레이닝,2024-03-12,2024-09-12,서울 중구,4.5
대한상공회의소,[신한DS] 금융 SW 아카데미,6,28,27,진행중,응용SW엔지니어링,진행중,32,28,K-디지털트레이닝,2024-03-12,2024-09-12,서울 중구,4.5
대한상공회의소,[우리FIS 아카데미] AI 엔지니어링,2,22,18,66.7,빅데이터플랫폼구축,과정 종료,26,32,K-디지털트레이닝,2023-11-20,2024-05-14,서울 중구,4.0
대한상공회의소,[우리FIS 아카데미] 클라우드 서비스 개발,2,32,27,74.1,핀테크엔지니어링,과정 종료,35,32,K-디지털트레이닝,2023-11-20,2024-05-14,서울 중구,4.04
대한상공회의소,[우리FIS 아카데미] 클라우드 엔지니어링,2,26,19,68.4,핀테크기술기획,과정 종료,31,30,K-디지털트레이닝,2023-11-20,2024-05-14,서울 중구,4.59
대한상공회의소,[하나은행] Digital hana 路 (금융서비스개발),2,27,23,47.8,응용SW엔지니어링,과정 종료,31,30,K-디지털트레이닝,2024-01-12,2024-07-12,서울 중구,3.62
대한상공회의소,[하나은행] Digital hana 路 (금융서비스개발),3,29,21,57.2,응용SW엔지니어링,과정 종료,32,30,K-디지털트레이닝,2024-01-12,2024-07-12,서울 중구,3.62
대한상공회의소,[하나은행] Digital hana 路 (데이터분석/서비스기획),2,28,21,52.4,빅데이터분석,과정 종료,31,30,K-디지털트레이닝,2024-01-12,2024-07-11,서울 중구,4.02
대한상공회의소,[하나은행] Digital hana 路 (데이터분석/서비스기획),3,29,24,58.4,빅데이터분석,과정 종료,33,30,K-디지털트레이닝,2024-01-12,2024-07-11,서울 중구,4.02
대한상공회의소,[현대자동차] 소프티어 부트캠프,1,28,26,53.8,응용SW엔지니어링,과정 종료,44,30,K-디지털트레이닝,2023-12-28,2024-02-29,서울 중구,4.67
대한상공회의소,[현대자동차] 소프티어 부트캠프,2,26,23,56.5,응용SW엔지니어링,과정 종료,36,30,K-디지털트레이닝,2023-12-28,2024-02-29,서울 중구,4.67
대한상공회의소,[현대자동차] 소프티어 부트캠프,3,15,15,66.7,응용SW엔지니어링,과정 종료,16,15,K-디지털트레이닝,2023-12-28,2024-02-29,서울 중구,4.67
대한상공회의소,[현대자동차] 소프티어 부트캠프,4,15,14,57.1,응용SW엔지니어링,과정 종료,17,15,K-디지털트레이닝,2023-12-28,2024-02-29,서울 중구,4.67
대한상공회의소 서울기술교육센터,자율형(Autonomy) IoT기반 Reality AI융합 전문가,4,22,15,80.0,응용SW엔지니어링,과정 종료,25,22,K-디지털트레이닝,2023-12-19,2024-07-12,서울 강서구,4.83
더조은컴퓨터아카데미,[정보보안] 모의해킹/침해대응 전문가 취업캠프,9,15,12,75.0,보안엔지니어링,과정 종료,25,25,K-디지털트레이닝,2023-08-07,2024-02-21,서울 강남구,4.5
더조은컴퓨터아카데미,[정보보안] 모의해킹/침해대응 전문가 취업캠프,10,10,8,50.0,보안엔지니어링,과정 종료,11,25,K-디지털트레이닝,2023-12-11,2024-06-25,서울 강남구,4.5
더조은컴퓨터아카데미,[정보보안] 모의해킹/침해대응 전문가 취업캠프,11,17,15,진행중,보안엔지니어링,진행중,23,25,K-디지털트레이닝,2024-02-26,2024-09-10,서울 강남구,4.5
더조은컴퓨터아카데미,"빅데이터 기반 AI(인공지능)서비스(추천,트레이딩) 개발자 취업캠프",4,21,14,57.1,응용SW엔지니어링,과정 종료,24,25,K-디지털트레이닝,2023-08-23,2024-03-18,서울 강남구,4.64
더조은컴퓨터아카데미,빅데이터 분석&추천시스템 개발자 양성과정,4,20,14,64.2,빅데이터분석,과정 종료,24,30,K-디지털트레이닝,2023-11-20,2024-07-11,서울 강남구,4.58
더조은컴퓨터아카데미,빅데이터 분석&추천시스템 개발자 양성과정,5,25,23,진행중,빅데이터분석,진행중,28,25,K-디지털트레이닝,2024-03-25,2024-10-14,서울 강남구,4.58
더조은컴퓨터아카데미,의료용 디지털 영상 표준(DICOM)활용 의료A.I 연동 개발 실무 프로젝트,1,8,7,42.9,응용SW엔지니어링,과정 종료,12,25,K-디지털트레이닝,2023-09-25,2023-11-30,서울 강남구,3.93
더조은컴퓨터아카데미,의료용 디지털 영상 표준(DICOM)활용 의료A.I 연동 개발 실무 프로젝트,2,9,6,16.7,응용SW엔지니어링,과정 종료,10,25,K-디지털트레이닝,2023-11-13,2024-02-16,서울 강남구,3.93
더조은컴퓨터아카데미,자바(JAVA) 웹개발(백앤드)&앱개발자(클라우드활용) 취업캠프,8,23,18,61.2,응용SW엔지니어링,과정 종료,29,25,K-디지털트레이닝,2023-07-13,2024-01-30,서울 강남구,4.28
더조은컴퓨터아카데미,자바(JAVA) 웹개발(백앤드)&앱개발자(클라우드활용) 취업캠프,9,20,15,66.6,응용SW엔지니어링,과정 종료,28,25,K-디지털트레이닝,2023-10-10,2024-04-24,서울 강남구,4.28
더조은컴퓨터아카데미,자바(JAVA)&클라우드(AWS) 활용 풀스택 취업캠프[의료영상 API연동 프로젝트],1,21,20,70.0,응용SW엔지니어링,과정 종료,25,25,K-디지털트레이닝,2023-12-27,2024-07-16,서울 강남구,3.93
더조은컴퓨터아카데미,자바(JAVA)&클라우드(AWS) 활용 풀스택 취업캠프[의료영상 API연동 프로젝트],2,19,15,진행중,응용SW엔지니어링,진행중,28,25,K-디지털트레이닝,2024-02-05,2024-08-27,서울 강남구,3.93
더조은컴퓨터아카데미,자바(JAVA)&클라우드(AWS) 활용 풀스택 취업캠프[의료영상 API연동 프로젝트],3,24,21,진행중,응용SW엔지니어링,진행중,31,25,K-디지털트레이닝,2024-05-07,2024-11-25,서울 강남구,3.93
더조은컴퓨터아카데미,"프론트엔드(React, React Native) 웹개발&앱개발자 취업캠프",1,24,23,47.8,응용SW엔지니어링,과정 종료,30,25,K-디지털트레이닝,2023-07-13,2024-01-25,서울 강남구,4.14
더조은컴퓨터아카데미,"프론트엔드(React, React Native) 웹개발&앱개발자 취업캠프",2,24,20,진행중,응용SW엔지니어링,진행중,30,25,K-디지털트레이닝,2024-01-29,2024-08-09,서울 강남구,4.14
더조은컴퓨터아카데미 종로,빅데이터분석(with 파이썬)과 엘라스틱서치를 활용한 자바(Java)웹개발자양성,6,18,12,41.7,빅데이터분석,과정 종료,21,20,K-디지털트레이닝,2023-07-24,2024-03-07,서울 종로구,4.25
더조은컴퓨터아카데미 종로,빅데이터분석(with 파이썬)과 엘라스틱서치를 활용한 자바(Java)웹개발자양성,7,14,8,25.0,빅데이터분석,과정 종료,20,20,K-디지털트레이닝,2023-11-29,2024-07-12,서울 종로구,4.25
더조은컴퓨터아카데미 종로,빅데이터분석(with 파이썬)과 엘라스틱서치를 활용한 자바(Java)웹개발자양성,8,9,9,진행중,빅데이터분석,진행중,15,20,K-디지털트레이닝,2024-02-05,2024-09-25,서울 종로구,4.25
더조은컴퓨터아카데미 종로,빅데이터분석(with 파이썬)과 엘라스틱서치를 활용한 자바(Java)웹개발자양성,9,16,8,진행중,빅데이터분석,진행중,18,20,K-디지털트레이닝,2024-05-22,2025-01-08,서울 종로구,4.25
더조은컴퓨터아카데미 종로,클라우드(AWS) 환경에서 개발하는 풀스택(프론트엔드&백엔드) 자바(JAVA)웹&앱,2,13,6,16.7,응용SW엔지니어링,과정 종료,19,30,K-디지털트레이닝,2023-10-11,2024-05-20,서울 종로구,3.68
더조은컴퓨터아카데미 종로,클라우드(AWS) 환경에서 개발하는 풀스택(프론트엔드&백엔드) 자바(JAVA)웹&앱,3,24,20,25.0,응용SW엔지니어링,과정 종료,26,30,K-디지털트레이닝,2023-12-27,2024-08-05,서울 종로구,3.68
더조은컴퓨터아카데미 종로,클라우드(AWS) 환경에서 개발하는 풀스택(프론트엔드&백엔드) 자바(JAVA)웹&앱,4,17,12,진행중,응용SW엔지니어링,진행중,18,20,K-디지털트레이닝,2024-03-13,2024-10-23,서울 종로구,3.68
더조은컴퓨터아카데미 종로,클라우드(AWS) 환경에서 개발하는 풀스택(프론트엔드&백엔드) 자바(JAVA)웹&앱,5,11,11,진행중,응용SW엔지니어링,진행중,14,20,K-디지털트레이닝,2024-05-29,2025-01-08,서울 종로구,3.68
더조은컴퓨터아카데미학원,IT부트캠프 프로젝트 기반 AWS 자바(스프링부트&리액트) 풀스택 개발자 양성,1,13,10,90.0,응용SW엔지니어링,과정 종료,19,20,K-디지털트레이닝,2023-06-08,2023-12-14,서울 마포구,3.97
더조은컴퓨터아카데미학원,IT부트캠프 프로젝트 기반 AWS 자바(스프링부트&리액트) 풀스택 개발자 양성,2,7,7,28.6,응용SW엔지니어링,과정 종료,10,20,K-디지털트레이닝,2023-08-17,2024-02-26,서울 마포구,3.97
더조은컴퓨터아카데미학원,IT부트캠프 프로젝트 기반 AWS 자바(스프링부트&리액트) 풀스택 개발자 양성,3,10,6,66.7,응용SW엔지니어링,과정 종료,11,20,K-디지털트레이닝,2023-09-25,2024-04-09,서울 마포구,3.97
더조은컴퓨터아카데미학원,IT부트캠프 프로젝트 기반 AWS 자바(스프링부트&리액트) 풀스택 개발자 양성,4,9,6,83.3,응용SW엔지니어링,과정 종료,12,20,K-디지털트레이닝,2024-01-08,2024-07-25,서울 마포구,3.97
더조은컴퓨터아카데미학원,IT부트캠프 프로젝트 기반 AWS 자바(스프링부트&리액트) 풀스택 개발자 양성,5,18,17,진행중,응용SW엔지니어링,진행중,18,20,K-디지털트레이닝,2024-03-06,2024-09-10,서울 마포구,3.97
더조은컴퓨터아카데미학원,IT부트캠프 프로젝트 기반 AWS 자바(스프링부트&리액트) 풀스택 개발자 양성,6,12,7,진행중,응용SW엔지니어링,진행중,13,20,K-디지털트레이닝,2024-05-16,2024-11-22,서울 마포구,3.97
더조은컴퓨터아카데미학원,기업프로젝트 기반 빅데이터 분석 AI 융합전문가 양성(머신러닝&딥러닝),3,6,4,50.0,빅데이터분석,과정 종료,16,20,K-디지털트레이닝,2023-10-23,2024-06-14,서울 마포구,3.51
더조은컴퓨터아카데미학원,기업프로젝트 기반 빅데이터 분석 AI 융합전문가 양성(머신러닝&딥러닝),4,6,4,진행중,빅데이터분석,진행중,16,20,K-디지털트레이닝,2024-04-22,2024-12-16,서울 마포구,3.51
더조은컴퓨터학원,AWS 클라우드 기반 자바&스프링&리액트 풀스택 개발자 양성,6,19,16,62.5,응용SW엔지니어링,과정 종료,19,25,K-디지털트레이닝,2023-07-17,2024-01-17,서울 구로구,3.92
더조은컴퓨터학원,AWS 클라우드 기반 자바&스프링&리액트 풀스택 개발자 양성,7,18,16,68.8,응용SW엔지니어링,과정 종료,23,25,K-디지털트레이닝,2023-09-18,2024-03-21,서울 구로구,3.92
더조은컴퓨터학원,AWS 클라우드 기반 자바&스프링&리액트 풀스택 개발자 양성,8,11,7,28.6,응용SW엔지니어링,과정 종료,14,25,K-디지털트레이닝,2023-12-04,2024-05-29,서울 구로구,3.92
더조은컴퓨터학원,AWS 클라우드 기반 자바&스프링&리액트 풀스택 개발자 양성,9,23,22,68.2,응용SW엔지니어링,과정 종료,25,25,K-디지털트레이닝,2024-01-22,2024-07-16,서울 구로구,3.92
더조은컴퓨터학원,"AWS 풀스택 웹앱(자바, 스프링, 리액트) 지역산업기반 개발자 양성",1,9,8,진행중,응용SW엔지니어링,진행중,11,25,K-디지털트레이닝,2024-05-13,2024-11-20,서울 구로구,4.54
더조은컴퓨터학원,"빅데이터(파이썬) 분석 기반 AI(머신러닝, 딥러닝) & 추천 알고리즘 개발",1,10,7,71.4,빅데이터분석,과정 종료,11,20,K-디지털트레이닝,2023-06-21,2024-01-09,서울 구로구,4.17
더조은컴퓨터학원,"빅데이터(파이썬) 분석 기반 AI(머신러닝, 딥러닝) & 추천 알고리즘 개발",2,8,5,80.0,빅데이터분석,과정 종료,15,20,K-디지털트레이닝,2024-02-01,2024-08-02,서울 구로구,4.17
멀티캠퍼스,AI SW 개발자 부트캠프(파이썬),5,21,15,26.7,빅데이터분석,과정 종료,32,50,K-디지털트레이닝,2023-07-10,2023-12-26,서울 강남구,4.16
멀티캠퍼스,AI SW 개발자 부트캠프(파이썬),6,11,7,28.6,빅데이터분석,과정 종료,21,50,K-디지털트레이닝,2023-10-05,2024-03-22,서울 강남구,4.16
멀티캠퍼스,AI SW 개발자 부트캠프(파이썬),7,16,13,38.5,빅데이터분석,과정 종료,23,50,K-디지털트레이닝,2024-02-13,2024-08-07,서울 강남구,4.16
멀티캠퍼스,AI SW 개발자 부트캠프(파이썬),8,21,16,진행중,빅데이터분석,진행중,33,50,K-디지털트레이닝,2024-03-18,2024-09-10,서울 강남구,4.16
멀티캠퍼스,AI SW 개발자 부트캠프(파이썬),9,20,16,진행중,빅데이터분석,진행중,26,50,K-디지털트레이닝,2024-05-29,2024-11-22,서울 강남구,4.16
멀티캠퍼스,[KB] IT's Your Life,1,26,21,진행중,응용SW엔지니어링,진행중,30,28,K-디지털트레이닝,2024-05-07,2024-10-24,서울 강남구,3.88
멀티캠퍼스,[KB] IT's Your Life,2,25,20,진행중,응용SW엔지니어링,진행중,25,28,K-디지털트레이닝,2024-05-07,2024-10-24,서울 강남구,3.88
멀티캠퍼스,[KB] IT's Your Life,3,25,21,진행중,응용SW엔지니어링,진행중,25,28,K-디지털트레이닝,2024-05-07,2024-10-24,서울 강남구,3.88
멀티캠퍼스,[KB] IT's Your Life,4,23,16,진행중,응용SW엔지니어링,진행중,27,28,K-디지털트레이닝,2024-05-07,2024-10-24,서울 강남구,3.88
멀티캠퍼스,[KB] IT's Your Life,5,20,14,진행중,응용SW엔지니어링,진행중,25,28,K-디지털트레이닝,2024-05-07,2024-10-24,서울 강남구,3.88
멀티캠퍼스,[KB] IT's Your Life,6,21,20,진행중,응용SW엔지니어링,진행중,30,28,K-디지털트레이닝,2024-05-07,2024-10-24,서울 강남구,3.88
멀티캠퍼스,[KB] IT's Your Life,7,17,12,진행중,응용SW엔지니어링,진행중,24,28,K-디지털트레이닝,2024-05-07,2024-10-24,서울 강남구,3.88
멀티캠퍼스,[KB] IT's Your Life,8,20,18,진행중,응용SW엔지니어링,진행중,49,28,K-디지털트레이닝,2024-05-07,2024-10-24,서울 강남구,3.88
멀티캠퍼스,[KB] IT's Your Life,9,18,17,진행중,응용SW엔지니어링,진행중,18,28,K-디지털트레이닝,2024-05-07,2024-10-24,서울 강남구,3.88
멀티캠퍼스,[KB] IT's Your Life,10,22,20,진행중,응용SW엔지니어링,진행중,30,28,K-디지털트레이닝,2024-05-07,2024-10-24,서울 강남구,3.88
멀티캠퍼스,[멀티잇]웹 서비스 개발자 취업캠프(Java),28,12,6,33.3,빅데이터플랫폼구축,과정 종료,16,28,K-디지털트레이닝,2023-09-11,2024-02-02,서울 강남구,4.32
멀티캠퍼스,[웅진씽크빅 유데미 부트캠프] 풀스택 개발과정(JAVA),1,16,12,진행중,응용SW엔지니어링,진행중,24,50,K-디지털트레이닝,2024-05-20,2024-10-25,서울 강남구,3.76
멀티캠퍼스,[한국휴렛팩커드] 프론트엔드 개발자 아카데미,1,12,12,41.7,응용SW엔지니어링,과정 종료,15,50,K-디지털트레이닝,2023-12-29,2024-05-17,서울 강남구,4.61
멀티캠퍼스,[한국휴렛팩커드] 프론트엔드 개발자 아카데미,2,26,17,17.6,응용SW엔지니어링,과정 종료,34,50,K-디지털트레이닝,2024-02-26,2024-07-11,서울 강남구,4.61
멀티캠퍼스,[한국휴렛팩커드] 하이브리드 클라우드 아카데미 ,1,20,17,52.9,인프라스트럭쳐아키텍처구축,과정 종료,25,50,K-디지털트레이닝,2023-12-18,2024-06-07,서울 강남구,4.76
멀티캠퍼스,[현대이지웰] Java 풀스택 개발자 아카데미,1,13,10,진행중,응용SW엔지니어링,진행중,19,30,K-디지털트레이닝,2024-05-20,2024-11-14,서울 강남구,4.03
멀티캠퍼스,데이터 분석가 부트캠프(파이썬),14,12,5,60.0,빅데이터분석,과정 종료,20,40,K-디지털트레이닝,2023-10-16,2024-03-20,서울 강남구,4.38
멀티캠퍼스,데이터 분석가 부트캠프(파이썬),15,29,20,50.0,빅데이터분석,과정 종료,41,48,K-디지털트레이닝,2023-12-18,2024-05-31,서울 강남구,4.38
멀티캠퍼스,데이터 분석가 부트캠프(파이썬),16,21,16,6.3,빅데이터분석,과정 종료,32,40,K-디지털트레이닝,2024-02-19,2024-07-31,서울 강남구,4.38
멀티캠퍼스,데이터 분석가 부트캠프(파이썬),17,18,14,진행중,빅데이터분석,진행중,32,48,K-디지털트레이닝,2024-04-29,2024-10-16,서울 강남구,4.38
멀티캠퍼스,멀티잇 데이터 분석&엔지니어(Python),28,27,20,40.0,빅데이터분석,과정 종료,36,28,K-디지털트레이닝,2023-06-26,2023-12-05,서울 강남구,4.18
멀티캠퍼스,멀티잇 데이터 분석&엔지니어(Python),29,22,17,41.2,빅데이터분석,과정 종료,25,28,K-디지털트레이닝,2023-07-24,2024-01-05,서울 강남구,4.18
멀티캠퍼스,멀티잇 데이터 분석&엔지니어(Python),30,22,15,46.7,빅데이터분석,과정 종료,22,28,K-디지털트레이닝,2023-08-28,2024-02-08,서울 강남구,4.18
멀티캠퍼스,멀티잇 데이터 분석&엔지니어(Python),31,18,12,25.0,빅데이터분석,과정 종료,20,28,K-디지털트레이닝,2023-09-25,2024-03-12,서울 강남구,4.18
멀티캠퍼스,멀티잇 데이터 분석&엔지니어(Python),32,27,17,47.1,빅데이터분석,과정 종료,33,28,K-디지털트레이닝,2023-11-06,2024-04-19,서울 강남구,4.18
멀티캠퍼스,멀티잇 데이터 분석&엔지니어(Python),33,19,12,58.3,빅데이터분석,과정 종료,23,28,K-디지털트레이닝,2023-12-04,2024-05-17,서울 강남구,4.18
멀티캠퍼스,멀티잇 데이터 분석&엔지니어(Python),34,27,20,45.0,빅데이터분석,과정 종료,30,28,K-디지털트레이닝,2023-12-26,2024-06-11,서울 강남구,4.18
멀티캠퍼스,멀티잇 채용연계 메타버스 게임콘텐츠 기획(언리얼),4,27,19,진행중,응용SW엔지니어링,진행중,33,50,K-디지털트레이닝,2024-02-19,2024-08-09,서울 강남구,3.39
멀티캠퍼스,백엔드 개발자 부트캠프(스프링),15,54,33,51.5,응용SW엔지니어링,과정 종료,64,55,K-디지털트레이닝,2023-06-26,2023-11-14,서울 강남구,4.39
멀티캠퍼스,백엔드 개발자 부트캠프(스프링),16,38,31,41.9,응용SW엔지니어링,과정 종료,41,55,K-디지털트레이닝,2023-07-24,2023-12-08,서울 강남구,4.39
멀티캠퍼스,백엔드 개발자 부트캠프(스프링),17,23,21,38.1,응용SW엔지니어링,과정 종료,28,55,K-디지털트레이닝,2023-08-21,2024-01-04,서울 강남구,4.39
멀티캠퍼스,백엔드 개발자 부트캠프(스프링),18,46,37,45.9,응용SW엔지니어링,과정 종료,50,55,K-디지털트레이닝,2023-09-11,2024-01-30,서울 강남구,4.39
멀티캠퍼스,백엔드 개발자 부트캠프(스프링),19,21,17,35.3,응용SW엔지니어링,과정 종료,31,55,K-디지털트레이닝,2023-11-20,2024-04-03,서울 강남구,4.39
멀티캠퍼스,백엔드 개발자 부트캠프(스프링),20,25,20,15.0,응용SW엔지니어링,과정 종료,36,55,K-디지털트레이닝,2023-12-18,2024-05-02,서울 강남구,4.39
멀티캠퍼스,백엔드 개발자 부트캠프(스프링),21,25,18,44.4,응용SW엔지니어링,과정 종료,33,50,K-디지털트레이닝,2024-01-15,2024-06-04,서울 강남구,4.39
멀티캠퍼스,백엔드 개발자 부트캠프(스프링),22,22,13,53.8,응용SW엔지니어링,과정 종료,25,50,K-디지털트레이닝,2024-02-01,2024-06-25,서울 강남구,4.39
멀티캠퍼스,백엔드 개발자 부트캠프(스프링),23,24,15,46.7,응용SW엔지니어링,과정 종료,28,50,K-디지털트레이닝,2024-02-26,2024-07-15,서울 강남구,4.39
멀티캠퍼스,백엔드 개발자 부트캠프(스프링),24,21,15,53.3,응용SW엔지니어링,과정 종료,23,50,K-디지털트레이닝,2024-03-11,2024-07-26,서울 강남구,4.39
멀티캠퍼스,백엔드 개발자 부트캠프(스프링),25,38,27,진행중,응용SW엔지니어링,진행중,42,50,K-디지털트레이닝,2024-04-08,2024-08-26,서울 강남구,4.39
멀티캠퍼스,채용연계 풀스택 개발자 부트캠프(스프링&리액트),16,56,31,38.7,응용SW엔지니어링,과정 종료,61,56,K-디지털트레이닝,2023-07-17,2024-01-03,서울 강남구,4.08
멀티캠퍼스,채용연계 풀스택 개발자 부트캠프(스프링&리액트),17,20,17,35.3,응용SW엔지니어링,과정 종료,29,56,K-디지털트레이닝,2023-09-11,2024-03-04,서울 강남구,4.08
멀티캠퍼스,채용연계 풀스택 개발자 부트캠프(스프링&리액트),18,17,11,72.7,응용SW엔지니어링,과정 종료,22,56,K-디지털트레이닝,2023-10-30,2024-04-15,서울 강남구,4.08
멀티캠퍼스,채용연계 풀스택 개발자 부트캠프(스프링&리액트),19,27,20,45.0,응용SW엔지니어링,과정 종료,34,56,K-디지털트레이닝,2023-12-26,2024-06-14,서울 강남구,4.08
멀티캠퍼스,채용연계 풀스택 개발자 부트캠프(스프링&리액트),20,해당 정보 없음,0,미실시,응용SW엔지니어링,미실시,0,56,K-디지털트레이닝,2024-01-29,2024-07-22,서울 강남구,4.08
멀티캠퍼스,채용연계 풀스택 개발자 부트캠프(스프링&리액트),21,20,15,46.7,응용SW엔지니어링,과정 종료,24,50,K-디지털트레이닝,2024-01-29,2024-07-22,서울 강남구,4.08
멀티캠퍼스,채용연계 풀스택 개발자 부트캠프(스프링&리액트),22,26,17,진행중,응용SW엔지니어링,진행중,27,50,K-디지털트레이닝,2024-02-26,2024-08-16,서울 강남구,4.08
멀티캠퍼스,채용연계 풀스택 개발자 부트캠프(스프링&리액트),23,16,15,진행중,응용SW엔지니어링,진행중,22,50,K-디지털트레이닝,2024-03-18,2024-09-05,서울 강남구,4.08
멀티캠퍼스,채용연계 풀스택 개발자 부트캠프(스프링&리액트),24,25,15,진행중,응용SW엔지니어링,진행중,31,50,K-디지털트레이닝,2024-04-15,2024-10-08,서울 강남구,4.08
멀티캠퍼스,프론트엔드 개발자 부트캠프(리액트&뷰),2,45,34,44.1,응용SW엔지니어링,과정 종료,51,55,K-디지털트레이닝,2023-07-03,2023-11-13,서울 강남구,3.96
멀티캠퍼스,프론트엔드 개발자 부트캠프(리액트&뷰),3,32,19,31.6,응용SW엔지니어링,과정 종료,37,48,K-디지털트레이닝,2023-08-16,2023-12-27,서울 강남구,3.96
멀티캠퍼스,프론트엔드 개발자 부트캠프(리액트&뷰),4,16,13,46.2,응용SW엔지니어링,과정 종료,20,48,K-디지털트레이닝,2023-09-11,2024-01-23,서울 강남구,3.96
멀티캠퍼스,프론트엔드 개발자 부트캠프(리액트&뷰),5,15,12,41.6,응용SW엔지니어링,과정 종료,20,48,K-디지털트레이닝,2023-10-16,2024-02-22,서울 강남구,3.96
멀티캠퍼스,프론트엔드 개발자 부트캠프(리액트&뷰),6,15,11,45.5,응용SW엔지니어링,과정 종료,19,48,K-디지털트레이닝,2023-12-11,2024-04-22,서울 강남구,3.96
멀티캠퍼스,프론트엔드 개발자 부트캠프(리액트&뷰),7,21,17,23.5,응용SW엔지니어링,과정 종료,25,48,K-디지털트레이닝,2024-01-29,2024-06-13,서울 강남구,3.96
멀티캠퍼스,프론트엔드 개발자 부트캠프(리액트&뷰),8,20,15,26.7,응용SW엔지니어링,과정 종료,24,48,K-디지털트레이닝,2024-03-20,2024-08-06,서울 강남구,3.96
메가스터디컴퓨터아카데미신촌학원,"블록체인기반 자바(JAVA) 프로그래밍 개발자(리액트,핀테크)",6,12,10,20.0,응용SW엔지니어링,과정 종료,17,20,K-디지털트레이닝,2023-08-17,2024-04-02,서울 마포구,3.74
메가존클라우드 아이티평생교육원,메가존클라우드 MSP 솔루션 아키텍트 양성 과정,1,20,20,60.0,SW아키텍처,과정 종료,24,20,K-디지털트레이닝,2023-12-20,2024-06-25,서울 강남구,4.21
메가존클라우드 아이티평생교육원,메가존클라우드 MSP 솔루션 아키텍트 양성 과정,2,24,19,78.9,SW아키텍처,과정 종료,25,24,K-디지털트레이닝,2023-12-20,2024-06-24,서울 강남구,4.21
메디치교육센터 평생교육시설,빅데이터 비즈니스를 위한 데이터 애널리스트 양성과정,5,16,8,37.5,빅데이터분석,과정 종료,16,20,K-디지털트레이닝,2023-06-29,2023-12-08,서울 금천구,4.32
메디치교육센터 평생교육시설,빅데이터 비즈니스를 위한 데이터 애널리스트 양성과정,6,10,7,57.2,빅데이터분석,과정 종료,12,20,K-디지털트레이닝,2023-10-12,2024-03-20,서울 금천구,4.32
메디치교육센터 평생교육시설,빅데이터 비즈니스를 위한 데이터 애널리스트 양성과정,7,12,7,28.6,빅데이터분석,과정 종료,13,20,K-디지털트레이닝,2023-12-28,2024-06-07,서울 금천구,4.32
메디치교육센터 평생교육시설,빅데이터 비즈니스를 위한 데이터 애널리스트 양성과정,8,20,14,진행중,빅데이터분석,진행중,20,20,K-디지털트레이닝,2024-04-11,2024-09-12,서울 금천구,4.32
방송정보국제교육원,메타버스 콘텐츠 제너럴리스트 양성 과정,2,12,10,60.0,응용SW엔지니어링,과정 종료,15,20,K-디지털트레이닝,2023-07-05,2024-01-10,서울 영등포구,4.32
방송정보국제교육원,메타버스 콘텐츠 제너럴리스트 양성 과정,3,13,10,진행중,응용SW엔지니어링,진행중,15,20,K-디지털트레이닝,2024-03-20,2024-09-24,서울 영등포구,4.32
봄아카데미학원,실무 프로젝트 기반 UI UX 모바일 웹 디자인 개발 부트캠프 (Figma 활용),1,20,14,78.5,UI/UX엔지니어링,과정 종료,22,20,K-디지털트레이닝,2023-09-12,2024-02-26,서울 마포구,3.62
봄아카데미학원,실무 프로젝트 기반 UI UX 모바일 웹 디자인 개발 부트캠프 (Figma 활용),2,20,15,73.3,UI/UX엔지니어링,과정 종료,22,20,K-디지털트레이닝,2023-10-25,2024-04-05,서울 마포구,3.62
봄아카데미학원,실무 프로젝트 기반 UI UX 모바일 웹 디자인 개발 부트캠프 (Figma 활용),3,20,17,64.7,UI/UX엔지니어링,과정 종료,23,20,K-디지털트레이닝,2023-12-07,2024-05-23,서울 마포구,3.62
봄아카데미학원,실무 프로젝트 기반 UI UX 모바일 웹 디자인 개발 부트캠프 (Figma 활용),4,20,14,진행중,UI/UX엔지니어링,진행중,25,20,K-디지털트레이닝,2024-02-28,2024-08-09,서울 마포구,3.62
봄아카데미학원,실무 프로젝트 기반 UI UX 모바일 웹 디자인 개발 부트캠프 (Figma 활용),5,20,15,진행중,UI/UX엔지니어링,진행중,29,20,K-디지털트레이닝,2024-04-11,2024-09-25,서울 마포구,3.62
봄아카데미학원,실무 프로젝트 기반 UI UX 모바일 웹 디자인 개발 부트캠프 (Figma 활용),6,17,15,진행중,UI/UX엔지니어링,진행중,19,20,K-디지털트레이닝,2024-05-29,2024-11-12,서울 마포구,3.62
비트교육센터,빅데이터 분석을 활용한 예측&인공지능(AI)모델링,4,6,5,60.0,응용SW엔지니어링,과정 종료,12,25,K-디지털트레이닝,2023-06-30,2023-12-29,서울 서초구,4.25
서울IT아카데미 홍대,엘라스틱서치를 활용한 빅데이터-자바(Java) 융합개발 인재양성,1,9,7,57.1,빅데이터분석,과정 종료,11,23,K-디지털트레이닝,2023-09-18,2024-04-05,서울 마포구,4.45
서울IT아카데미 홍대,엘라스틱서치를 활용한 빅데이터-자바(Java) 융합개발 인재양성,2,0,0,미실시,빅데이터분석,미실시,0,23,K-디지털트레이닝,2023-12-28,2024-07-15,서울 마포구,4.45
서울IT아카데미 홍대,엘라스틱서치를 활용한 빅데이터-자바(Java) 융합개발 인재양성,3,7,5,진행중,빅데이터분석,진행중,13,23,K-디지털트레이닝,2024-04-08,2024-10-30,서울 마포구,4.45
서울대학교,빅데이터 핀테크 과정,4,33,10,50.0,핀테크기술기획,과정 종료,39,40,K-디지털트레이닝,2023-06-26,2023-12-28,서울 관악구,4.47
서울대학교,빅데이터 핀테크 과정,5,40,32,진행중,핀테크기술기획,진행중,43,40,K-디지털트레이닝,2024-02-22,2024-08-21,서울 관악구,4.47
성균관대학교산학협력단,협업 필터링 및 자연어 처리 기반 A.I. 추천 분석 시스템 제작 과정,4,30,11,54.5,빅데이터분석,과정 종료,41,30,K-디지털트레이닝,2023-06-26,2023-12-19,경기 수원시 장안구,4.46
성균관대학교산학협력단,협업 필터링 및 자연어 처리 기반 A.I. 추천 분석 시스템 제작 과정,5,16,14,진행중,빅데이터분석,진행중,18,30,K-디지털트레이닝,2024-04-30,2024-10-31,경기 수원시 장안구,4.46
솔데스크강남학원,IaC 기반 AWS 마이크로 서비스 클라우드 환경 구축,6,16,12,58.3,IT시스템관리,과정 종료,26,30,K-디지털트레이닝,2023-08-22,2024-02-16,서울 강남구,3.62
솔데스크강남학원,IaC 기반 AWS 마이크로 서비스 클라우드 환경 구축,7,28,18,진행중,IT시스템관리,진행중,29,30,K-디지털트레이닝,2024-02-20,2024-08-14,서울 강남구,3.62
솔데스크강남학원,블록체인 네트워크 보안을 적용한 AI 서비스 기반 풀스택 개발자,6,26,16,43.8,응용SW엔지니어링,과정 종료,33,30,K-디지털트레이닝,2023-06-27,2023-12-19,서울 강남구,4.38
솔데스크강남학원,블록체인 네트워크 보안을 적용한 AI 서비스 기반 풀스택 개발자,7,30,22,45.4,응용SW엔지니어링,과정 종료,37,30,K-디지털트레이닝,2023-09-19,2024-03-20,서울 강남구,4.38
솔데스크강남학원,블록체인 네트워크 보안을 적용한 AI 서비스 기반 풀스택 개발자,8,20,18,72.2,응용SW엔지니어링,과정 종료,26,30,K-디지털트레이닝,2023-11-28,2024-06-05,서울 강남구,4.38
솔데스크강남학원,블록체인 네트워크 보안을 적용한 AI 서비스 기반 풀스택 개발자,9,19,12,75.0,응용SW엔지니어링,과정 종료,20,30,K-디지털트레이닝,2024-01-30,2024-07-31,서울 강남구,4.38
스마트인재개발원,DCX기반 빅데이터 분석서비스 개발자 과정,9,13,10,100.0,빅데이터플랫폼구축,과정 종료,13,25,K-디지털트레이닝,2023-07-10,2023-12-29,광주 동구,4.13
스마트인재개발원,DCX기반 빅데이터 분석서비스 개발자 과정,10,17,15,진행중,빅데이터플랫폼구축,진행중,18,25,K-디지털트레이닝,2024-03-07,2024-09-03,광주 동구,4.13
스마트인재개발원,DCX기반 빅데이터 분석서비스 개발자 과정,11,15,13,진행중,빅데이터플랫폼구축,진행중,21,25,K-디지털트레이닝,2024-03-12,2024-09-05,광주 동구,4.13
스마트인재개발원,빅데이터 분석서비스 개발자과정(NCS),19,15,13,92.3,응용SW엔지니어링,과정 종료,17,25,K-디지털트레이닝,2023-09-12,2024-03-07,광주 동구,4.3
스마트인재개발원,빅데이터 분석서비스 개발자과정(NCS),20,14,10,90.0,응용SW엔지니어링,과정 종료,22,25,K-디지털트레이닝,2023-12-26,2024-06-19,광주 동구,4.3
스마트인재개발원,빅데이터 분석서비스 개발자과정(NCS),21,15,13,84.6,응용SW엔지니어링,과정 종료,16,25,K-디지털트레이닝,2023-12-14,2024-06-10,광주 동구,4.3
스마트인재개발원,빅데이터 분석서비스 개발자과정(NCS),22,23,16,62.5,응용SW엔지니어링,과정 종료,26,25,K-디지털트레이닝,2023-12-27,2024-06-20,광주 동구,4.3
스마트인재개발원,빅데이터 분석서비스 개발자과정(NCS),23,20,18,72.2,응용SW엔지니어링,과정 종료,23,25,K-디지털트레이닝,2023-12-26,2024-06-21,광주 동구,4.3
스마트인재개발원,빅데이터 분석서비스 개발자과정(NCS),24,20,15,진행중,응용SW엔지니어링,진행중,20,25,K-디지털트레이닝,2024-05-13,2024-11-06,광주 동구,4.3
쌍용강북교육센터,AWS 클라우드를 활용한 Full-Stack 개발자 양성과정,4,22,22,86.4,응용SW엔지니어링,과정 종료,23,22,K-디지털트레이닝,2023-07-17,2024-02-08,서울 마포구,4.74
쌍용강북교육센터,AWS 클라우드를 활용한 Full-Stack 개발자 양성과정,5,22,18,83.3,응용SW엔지니어링,과정 종료,24,22,K-디지털트레이닝,2023-08-22,2024-03-19,서울 마포구,4.74
쌍용강북교육센터,AWS 클라우드를 활용한 Full-Stack 개발자 양성과정,6,22,13,61.5,응용SW엔지니어링,과정 종료,24,22,K-디지털트레이닝,2023-09-11,2024-04-08,서울 마포구,4.74
쌍용강북교육센터,AWS 클라우드를 활용한 Full-Stack 개발자 양성과정,7,16,14,71.4,응용SW엔지니어링,과정 종료,20,20,K-디지털트레이닝,2023-09-25,2024-04-24,서울 마포구,4.74
쌍용강북교육센터,AWS 클라우드를 활용한 Full-Stack 개발자 양성과정,8,15,12,83.3,응용SW엔지니어링,과정 종료,19,22,K-디지털트레이닝,2023-10-30,2024-05-31,서울 마포구,4.74
쌍용강북교육센터,AWS 클라우드를 활용한 Full-Stack 개발자 양성과정,9,24,21,진행중,응용SW엔지니어링,진행중,27,24,K-디지털트레이닝,2024-01-16,2024-08-13,서울 마포구,4.74
쌍용강북교육센터,AWS 클라우드를 활용한 Full-Stack 개발자 양성과정,10,18,18,진행중,응용SW엔지니어링,진행중,21,20,K-디지털트레이닝,2024-04-08,2024-11-11,서울 마포구,4.74
쌍용강북교육센터,AWS 클라우드를 활용한 Full-Stack 개발자 양성과정,12,15,14,진행중,응용SW엔지니어링,진행중,17,22,K-디지털트레이닝,2024-04-11,2024-11-11,서울 마포구,4.74
쌍용강북교육센터,실무 프로젝트 기반 빅데이터 서비스 솔루션 개발자 양성과정,6,20,18,66.7,응용SW엔지니어링,과정 종료,22,20,K-디지털트레이닝,2023-06-20,2024-01-12,서울 마포구,4.95
쌍용강북교육센터,실무 프로젝트 기반 빅데이터 서비스 솔루션 개발자 양성과정,7,14,13,69.2,응용SW엔지니어링,과정 종료,16,20,K-디지털트레이닝,2023-11-13,2024-06-11,서울 마포구,4.95
쌍용강북교육센터,실무 프로젝트 기반 빅데이터 서비스 솔루션 개발자 양성과정,8,25,25,수료자 없음,응용SW엔지니어링,수료자 없음,26,30,K-디지털트레이닝,2024-01-16,2024-08-09,서울 마포구,4.95
쌍용강북교육센터,실무 프로젝트 기반 빅데이터 서비스 솔루션 개발자 양성과정,9,14,13,진행중,응용SW엔지니어링,진행중,14,20,K-디지털트레이닝,2024-04-29,2024-11-27,서울 마포구,4.95
쌍용교육센터,AWS와 Docker & Kubernetes를 활용한 Java Full-Stack 개발자 양성과정,1,20,18,55.6,응용SW엔지니어링,과정 종료,19,20,K-디지털트레이닝,2023-06-07,2023-12-19,서울 강남구,4.71
쌍용교육센터,AWS와 Docker & Kubernetes를 활용한 Java Full-Stack 개발자 양성과정,2,18,16,68.8,응용SW엔지니어링,과정 종료,20,20,K-디지털트레이닝,2023-06-15,2023-12-21,서울 강남구,4.71
쌍용교육센터,AWS와 Docker & Kubernetes를 활용한 Java Full-Stack 개발자 양성과정,3,21,18,55.5,응용SW엔지니어링,과정 종료,22,22,K-디지털트레이닝,2023-12-26,2024-07-15,서울 강남구,4.71
쌍용교육센터,AWS와 Docker & Kubernetes를 활용한 Java Full-Stack 개발자 양성과정,4,20,15,66.6,응용SW엔지니어링,과정 종료,21,20,K-디지털트레이닝,2024-01-03,2024-07-15,서울 강남구,4.71
쌍용교육센터,AWS와 Docker & Kubernetes를 활용한 Java Full-Stack 개발자 양성과정,5,18,18,진행중,응용SW엔지니어링,진행중,22,20,K-디지털트레이닝,2024-03-25,2024-10-14,서울 강남구,4.71
아시아경제 교육센터,빅데이터 기반 디지털 산업융합 서비스 개발자 양성과정,5,22,18,33.3,빅데이터분석,과정 종료,24,25,K-디지털트레이닝,2023-07-10,2023-12-21,서울 중구,4.13
아시아경제 교육센터,빅데이터 기반 디지털 산업융합 서비스 개발자 양성과정,6,21,17,47.1,빅데이터분석,과정 종료,24,25,K-디지털트레이닝,2023-12-28,2024-06-19,서울 중구,4.13
아시아경제 교육센터,빅데이터 분석 기반 AI 서비스 개발 부트캠프,3,해당 정보 없음,0,미실시,빅데이터분석,미실시,0,25,K-디지털트레이닝,2023-12-04,2024-05-23,서울 중구,4.3
아시아경제 교육센터,빅데이터 분석 및 서비스기획 부트캠프,3,15,9,22.2,빅데이터분석,과정 종료,17,25,K-디지털트레이닝,2024-02-19,2024-06-07,서울 중구,3.98
아시아경제 교육센터,빅데이터 분석 및 서비스기획 부트캠프,4,16,10,60.0,빅데이터분석,과정 종료,23,25,K-디지털트레이닝,2024-03-25,2024-07-16,서울 중구,3.98
아시아경제 교육센터,핀테크 디지털 금융사이언티스트 양성과정,9,11,0,11.1,핀테크기술기획,과정 종료,16,25,K-디지털트레이닝,2023-07-11,2023-12-22,서울 중구,4.02
아이티윌,빅데이터를 활용한 오라클 데이터 전문가 양성과정,2,22,16,93.8,DB엔지니어링,과정 종료,25,30,K-디지털트레이닝,2023-06-20,2023-11-23,서울 강남구,4.78
아이티윌,빅데이터를 활용한 오라클 데이터 전문가 양성과정,3,24,21,71.5,DB엔지니어링,과정 종료,26,30,K-디지털트레이닝,2023-10-05,2024-03-11,서울 강남구,4.78
아이티윌,빅데이터를 활용한 오라클 데이터 전문가 양성과정,4,28,21,90.5,DB엔지니어링,과정 종료,32,30,K-디지털트레이닝,2023-11-28,2024-05-01,서울 강남구,4.78
아이티윌,빅데이터를 활용한 오라클 데이터 전문가 양성과정,5,20,18,77.8,DB엔지니어링,과정 종료,21,30,K-디지털트레이닝,2023-12-28,2024-05-31,서울 강남구,4.78
아이티윌,빅데이터를 활용한 오라클 데이터 전문가 양성과정,6,30,28,진행중,DB엔지니어링,진행중,31,30,K-디지털트레이닝,2024-04-16,2024-09-12,서울 강남구,4.78
아이티윌,클라우드 가상화 기반 자바(JAVA) 개발자 양성과정,1,15,13,61.5,응용SW엔지니어링,과정 종료,18,30,K-디지털트레이닝,2023-09-07,2024-03-11,서울 강남구,4.25
아이티윌,클라우드 가상화 기반 자바(JAVA) 개발자 양성과정,2,29,27,진행중,응용SW엔지니어링,진행중,30,30,K-디지털트레이닝,2024-03-14,2024-09-10,서울 강남구,4.25
아이티윌,프로젝트 기반 자바 핀테크 웹 개발자 양성과정,7,20,18,55.5,응용SW엔지니어링,과정 종료,21,30,K-디지털트레이닝,2023-07-20,2024-01-19,서울 강남구,4.38
아이티윌,프로젝트 기반 자바 핀테크 웹 개발자 양성과정,8,20,17,29.4,응용SW엔지니어링,과정 종료,21,30,K-디지털트레이닝,2023-10-19,2024-04-15,서울 강남구,4.38
아이티윌,프로젝트 기반 자바 핀테크 웹 개발자 양성과정,9,17,15,53.3,응용SW엔지니어링,과정 종료,18,30,K-디지털트레이닝,2023-11-14,2024-05-09,서울 강남구,4.38
아이티윌,프로젝트 기반 자바 핀테크 웹 개발자 양성과정,10,17,13,53.8,응용SW엔지니어링,과정 종료,17,30,K-디지털트레이닝,2023-12-05,2024-06-07,서울 강남구,4.38
아이티윌,프로젝트 기반 자바 핀테크 웹 개발자 양성과정,11,12,11,72.7,응용SW엔지니어링,과정 종료,17,30,K-디지털트레이닝,2023-12-27,2024-06-24,서울 강남구,4.38
아이티윌,프로젝트 기반 자바 핀테크 웹 개발자 양성과정,12,29,18,50.0,응용SW엔지니어링,과정 종료,33,30,K-디지털트레이닝,2024-01-30,2024-07-25,서울 강남구,4.38
아이티윌,프로젝트 기반 자바 핀테크 웹 개발자 양성과정,13,17,16,진행중,응용SW엔지니어링,진행중,19,30,K-디지털트레이닝,2024-04-19,2024-10-21,서울 강남구,4.38
아이티윌,프로젝트 기반 자바 핀테크 웹 개발자 양성과정,14,15,14,진행중,응용SW엔지니어링,진행중,15,30,K-디지털트레이닝,2024-05-17,2024-11-13,서울 강남구,4.38
아이티윌,프로젝트 중심 빅데이터 융합 머신러닝 전문가 양성과정,6,20,14,71.4,응용SW엔지니어링,과정 종료,22,30,K-디지털트레이닝,2023-08-03,2024-01-31,서울 강남구,4.46
아이티윌,프로젝트 중심 빅데이터 융합 머신러닝 전문가 양성과정,7,19,17,53.0,응용SW엔지니어링,과정 종료,19,30,K-디지털트레이닝,2023-10-26,2024-04-25,서울 강남구,4.46
아이티윌,프로젝트 중심 빅데이터 융합 머신러닝 전문가 양성과정,8,29,22,68.1,응용SW엔지니어링,과정 종료,29,30,K-디지털트레이닝,2024-02-07,2024-08-02,서울 강남구,4.46
아이티윌,프로젝트 중심 빅데이터 융합 머신러닝 전문가 양성과정,9,29,27,진행중,응용SW엔지니어링,진행중,31,30,K-디지털트레이닝,2024-05-09,2024-11-18,서울 강남구,4.46
애드인에듀 아카데미 구로가산센터,ROS2와 인공지능을 활용한 자율주행 로봇 개발자 양성과정,1,22,15,80.0,응용SW엔지니어링,과정 종료,27,25,K-디지털트레이닝,2023-07-31,2024-01-25,서울 금천구,4.57
애드인에듀 아카데미 구로가산센터,ROS2와 인공지능을 활용한 자율주행 로봇 개발자 양성과정,2,25,24,66.7,응용SW엔지니어링,과정 종료,27,25,K-디지털트레이닝,2023-12-18,2024-06-13,서울 금천구,4.57
애드인에듀 아카데미 구로가산센터,ROS2와 인공지능을 활용한 자율주행 로봇 개발자 양성과정,3,22,19,진행중,응용SW엔지니어링,진행중,26,25,K-디지털트레이닝,2024-02-19,2024-08-09,서울 금천구,4.57
애드인에듀 아카데미 구로가산센터,ROS2와 인공지능을 활용한 자율주행 로봇 개발자 양성과정,4,28,22,진행중,응용SW엔지니어링,진행중,36,30,K-디지털트레이닝,2024-05-29,2024-11-25,서울 금천구,4.57
에이아이아카데미학원,클라우드기반 AI 서비스 개발자 양성과정,4,13,11,81.8,응용SW엔지니어링,과정 종료,14,30,K-디지털트레이닝,2023-12-28,2024-06-28,서울 강남구,4.75
에이콘아카데미 홍대학원,자바&파이썬 빅데이터 플랫폼 웹서비스 개발자,2,11,8,62.5,빅데이터분석,과정 종료,13,30,K-디지털트레이닝,2024-01-25,2024-07-19,서울 마포구,4.39
에이콘아카데미 홍대학원,자바&파이썬 빅데이터 플랫폼 웹서비스 개발자,3,17,17,진행중,빅데이터분석,진행중,20,30,K-디지털트레이닝,2024-03-11,2024-08-29,서울 마포구,4.39
에이콘아카데미 홍대학원,자바(JAVA) 웹개발자 양성과정(IoT융합),3,20,15,80.0,응용SW엔지니어링,과정 종료,24,25,K-디지털트레이닝,2023-06-14,2023-12-08,서울 마포구,4.3
에이콘아카데미 홍대학원,자바(JAVA) 웹개발자 양성과정(IoT융합),4,19,17,82.4,응용SW엔지니어링,과정 종료,21,25,K-디지털트레이닝,2023-12-26,2024-06-19,서울 마포구,4.3
에이콘아카데미(강남),IoT기반 웹&앱 자바(Java)개발자 양성과정,4,16,12,50.0,응용SW엔지니어링,과정 종료,18,30,K-디지털트레이닝,2023-10-11,2024-03-29,서울 강남구,4.58
에이콘아카데미(강남),IoT기반 웹&앱 자바(Java)개발자 양성과정,5,14,13,진행중,응용SW엔지니어링,진행중,18,30,K-디지털트레이닝,2024-04-24,2024-10-22,서울 강남구,4.58
에이콘아카데미(강남),웹 서비스 기반 빅데이터 분석 및 개발자 양성과정,7,16,13,61.5,빅데이터분석,과정 종료,19,30,K-디지털트레이닝,2023-07-06,2023-12-27,서울 강남구,4.5
에이콘아카데미(강남),웹 서비스 기반 빅데이터 분석 및 개발자 양성과정,8,0,0,미실시,빅데이터분석,미실시,0,30,K-디지털트레이닝,2024-01-18,2024-07-12,서울 강남구,4.5
에이콘아카데미(강남),콘텐츠 융합을 위한 자바(JAVA)기반  Full Stack 개발자 양성과정,2,21,18,55.6,응용SW엔지니어링,과정 종료,24,30,K-디지털트레이닝,2023-07-19,2024-01-10,서울 강남구,4.25
에이콘아카데미(강남),콘텐츠 융합을 위한 자바(JAVA)기반  Full Stack 개발자 양성과정,3,14,9,66.7,응용SW엔지니어링,과정 종료,16,30,K-디지털트레이닝,2023-11-14,2024-05-08,서울 강남구,4.25
에이콘아카데미(강남),콘텐츠 융합을 위한 자바(JAVA)기반  Full Stack 개발자 양성과정,4,19,15,66.7,응용SW엔지니어링,과정 종료,21,30,K-디지털트레이닝,2024-01-17,2024-07-10,서울 강남구,4.25
에이콘아카데미(강남),콘텐츠 융합을 위한 자바(JAVA)기반  Full Stack 개발자 양성과정,5,18,16,진행중,응용SW엔지니어링,진행중,20,30,K-디지털트레이닝,2024-03-27,2024-09-24,서울 강남구,4.25
에이콘아카데미(강남),콘텐츠 융합을 위한 자바(JAVA)기반  Full Stack 개발자 양성과정,6,15,8,진행중,응용SW엔지니어링,진행중,16,30,K-디지털트레이닝,2024-05-29,2024-11-20,서울 강남구,4.25
에티버스러닝평생교육원,리얼타임 엔진을 활용한 실감형 콘텐츠 개발자 양성 과정,15,18,11,45.5,응용SW엔지니어링,과정 종료,24,24,K-디지털트레이닝,2023-07-24,2024-01-04,서울 강남구,3.82
에티버스러닝평생교육원,리얼타임 엔진을 활용한 실감형 콘텐츠 개발자 양성 과정,16,20,14,64.3,응용SW엔지니어링,과정 종료,23,24,K-디지털트레이닝,2023-10-16,2024-03-22,서울 강남구,3.82
에티버스러닝평생교육원,리얼타임 엔진을 활용한 실감형 콘텐츠 개발자 양성 과정,17,15,15,20.0,응용SW엔지니어링,과정 종료,17,24,K-디지털트레이닝,2023-11-20,2024-04-29,서울 강남구,3.82
에티버스러닝평생교육원,리얼타임 엔진을 활용한 실감형 콘텐츠 개발자 양성 과정,18,21,17,진행중,응용SW엔지니어링,진행중,27,24,K-디지털트레이닝,2024-05-07,2024-10-22,서울 강남구,3.82
엠비씨(MBC)아카데미 컴퓨터교육센터 본점,JAVA와 Python을 활용한 RPA & LowCode 웹기반 빅데이터분석 전문가 양성,1,12,7,100.0,응용SW엔지니어링,과정 종료,18,30,K-디지털트레이닝,2023-08-28,2024-02-29,서울 종로구,4.1
엠비씨(MBC)아카데미 컴퓨터교육센터 본점,JAVA와 Python을 활용한 RPA & LowCode 웹기반 빅데이터분석 전문가 양성,2,14,7,100.0,응용SW엔지니어링,과정 종료,19,30,K-디지털트레이닝,2023-12-20,2024-06-25,서울 종로구,4.1
엠비씨(MBC)아카데미 컴퓨터교육센터 본점,JAVA와 Python을 활용한 RPA & LowCode 웹기반 빅데이터분석 전문가 양성,3,23,16,진행중,응용SW엔지니어링,진행중,28,30,K-디지털트레이닝,2024-03-18,2024-09-19,서울 종로구,4.1
엠비씨(MBC)아카데미 컴퓨터교육센터 화곡점,ITS(지능형교통체계)를 반영한 빅데이터 활용 풀스택 전문가 양성,1,17,15,93.4,응용SW엔지니어링,과정 종료,23,30,K-디지털트레이닝,2023-07-10,2024-01-11,서울 강서구,3.79
엠비씨(MBC)아카데미 컴퓨터교육센터 화곡점,ITS(지능형교통체계)를 반영한 빅데이터 활용 풀스택 전문가 양성,2,22,12,83.3,응용SW엔지니어링,과정 종료,25,30,K-디지털트레이닝,2023-10-25,2024-04-17,서울 강서구,3.79
엠비씨(MBC)아카데미 컴퓨터교육센터 화곡점,ITS(지능형교통체계)를 반영한 빅데이터 활용 풀스택 전문가 양성,3,15,8,100.0,응용SW엔지니어링,과정 종료,19,30,K-디지털트레이닝,2024-01-25,2024-07-18,서울 강서구,3.79
엠비씨(MBC)아카데미 컴퓨터교육센터 화곡점,ITS(지능형교통체계)를 반영한 빅데이터 활용 풀스택 전문가 양성,4,15,7,진행중,응용SW엔지니어링,진행중,16,30,K-디지털트레이닝,2024-05-01,2024-10-29,서울 강서구,3.79
엠비씨(MBC)아카데미 컴퓨터국비지원교육센터,빅데이터 활용 실무 프로젝트 기반 JAVA 풀스택 개발자 양성과정,1,20,12,83.3,응용SW엔지니어링,과정 종료,23,30,K-디지털트레이닝,2023-11-30,2024-05-28,서울 관악구,3.84
엠비씨(MBC)아카데미 컴퓨터국비지원교육센터,빅데이터 활용 실무 프로젝트 기반 JAVA 풀스택 개발자 양성과정,2,19,11,81.8,응용SW엔지니어링,과정 종료,24,30,K-디지털트레이닝,2023-12-29,2024-07-01,서울 관악구,3.84
엠비씨(MBC)아카데미컴퓨터학원 천호점,(기업연계형) AI를 이용한 스마트플랫폼 개발자 양성과정,1,19,15,60.0,응용SW엔지니어링,과정 종료,22,30,K-디지털트레이닝,2023-09-13,2024-05-08,서울 강동구,3.63
엠비씨(MBC)아카데미컴퓨터학원 천호점,(기업연계형) AI를 이용한 스마트플랫폼 개발자 양성과정,2,15,10,100.0,응용SW엔지니어링,과정 종료,20,30,K-디지털트레이닝,2023-12-01,2024-07-10,서울 강동구,3.63
엠비씨(MBC)아카데미컴퓨터학원 천호점,기업프로젝트 기반 빅데이터를 활용한 풀스택(프론트-백엔드) 개발자 양성,1,23,17,88.3,응용SW엔지니어링,과정 종료,27,30,K-디지털트레이닝,2023-07-03,2024-01-02,서울 강동구,4.12
엠비씨(MBC)아카데미컴퓨터학원 천호점,기업프로젝트 기반 빅데이터를 활용한 풀스택(프론트-백엔드) 개발자 양성,2,19,10,80.0,응용SW엔지니어링,과정 종료,27,30,K-디지털트레이닝,2024-01-15,2024-07-16,서울 강동구,4.12
엠비씨(MBC)아카데미컴퓨터학원 천호점,기업프로젝트 기반 빅데이터를 활용한 풀스택(프론트-백엔드) 개발자 양성,3,18,12,진행중,응용SW엔지니어링,진행중,23,30,K-디지털트레이닝,2024-03-22,2024-10-02,서울 강동구,4.12
역삼 그린컴퓨터아카데미,"[기업프로젝트] 프론트엔드(React, PHP), 플러터(Flutter)활용 웹&앱개발 양성과정",1,20,15,40.0,응용SW엔지니어링,과정 종료,28,20,K-디지털트레이닝,2023-07-27,2024-01-19,서울 강남구,4.54
역삼 그린컴퓨터아카데미,"[기업프로젝트] 프론트엔드(React, PHP), 플러터(Flutter)활용 웹&앱개발 양성과정",2,17,10,70.0,응용SW엔지니어링,과정 종료,25,30,K-디지털트레이닝,2024-02-07,2024-07-31,서울 강남구,4.54
역삼 그린컴퓨터아카데미,[스타트업]현장실무 클라우드를 활용한 자바 스프링프레임워크 개발자과정,1,9,5,60.0,응용SW엔지니어링,과정 종료,15,30,K-디지털트레이닝,2023-12-12,2024-06-18,서울 강남구,4.46
역삼 그린컴퓨터아카데미,[스타트업]현장실무 클라우드를 활용한 자바 스프링프레임워크 개발자과정,2,11,9,진행중,응용SW엔지니어링,진행중,13,20,K-디지털트레이닝,2024-03-28,2024-10-04,서울 강남구,4.46
오라클자바교육학원, 클라우드 기반 빅데이터 융합 자바(JAVA) 풀스택개발자 양성과정,1,8,5,60.0,응용SW엔지니어링,과정 종료,10,25,K-디지털트레이닝,2023-12-19,2024-06-18,서울 구로구,4.41
오라클자바교육학원, 클라우드 기반 빅데이터 융합 자바(JAVA) 풀스택개발자 양성과정,2,8,7,진행중,응용SW엔지니어링,진행중,10,25,K-디지털트레이닝,2024-03-22,2024-09-24,서울 구로구,4.41
오라클자바교육학원,빅데이터 융합 자바&파이썬 인공지능(AI) 풀스택 개발자 양성과정,1,7,3,33.3,응용SW엔지니어링,과정 종료,9,25,K-디지털트레이닝,2023-07-31,2024-02-05,서울 구로구,3.57
오라클자바교육학원,빅데이터 융합 자바&파이썬 인공지능(AI) 풀스택 개발자 양성과정,2,0,0,미실시,응용SW엔지니어링,미실시,0,25,K-디지털트레이닝,2024-01-08,2024-07-08,서울 구로구,3.57
우리컴퓨터아카데미,금융 AI 빅데이터 분석 풀스텍 개발자 과정,1,11,6,66.7,빅데이터분석,과정 종료,14,25,K-디지털트레이닝,2024-01-24,2024-07-16,서울 구로구,3.67
우리컴퓨터아카데미,이커머스 & 마케팅 데이터 분석 전문가 과정,4,14,10,60.0,빅데이터분석,과정 종료,18,25,K-디지털트레이닝,2023-09-07,2024-03-15,서울 구로구,3.68
우리컴퓨터아카데미,이커머스 & 마케팅 데이터 분석 전문가 과정,5,해당 정보 없음,0,미실시,빅데이터분석,미실시,1,25,K-디지털트레이닝,2024-04-17,2024-10-14,서울 구로구,3.68
우리컴퓨터아카데미,자바(JAVA / Python)을 활용한 빅 데이터 서비스 엔지니어 양성 과정,1,15,12,58.3,빅데이터플랫폼구축,과정 종료,17,25,K-디지털트레이닝,2023-11-22,2024-05-21,서울 구로구,3.75
유비온디지털교육센터,PBL기반 금융 빅데이터분석가 과정,8,17,8,50.0,빅데이터분석,과정 종료,18,40,K-디지털트레이닝,2023-07-05,2023-12-18,서울 구로구,4.36
유비온디지털교육센터,PBL기반 금융 빅데이터분석가 과정,9,23,13,53.9,빅데이터분석,과정 종료,25,40,K-디지털트레이닝,2023-10-11,2024-03-22,서울 구로구,4.36
유비온디지털교육센터,PBL기반 금융 빅데이터분석가 과정,10,23,11,63.6,빅데이터분석,과정 종료,24,40,K-디지털트레이닝,2023-12-27,2024-06-13,서울 구로구,4.36
유비온디지털교육센터,빅데이터를 활용한 디지털마케팅 전문가 과정,3,24,16,43.8,빅데이터분석,과정 종료,28,30,K-디지털트레이닝,2023-07-06,2024-01-03,서울 구로구,4.16
유비온디지털교육센터,빅데이터를 활용한 디지털마케팅 전문가 과정,4,14,0,진행중,빅데이터분석,진행중,16,30,K-디지털트레이닝,2023-10-04,2024-03-29,서울 구로구,4.16
유비온디지털교육센터,빅데이터를 활용한 디지털마케팅 전문가 과정,5,18,10,50.0,빅데이터분석,과정 종료,19,30,K-디지털트레이닝,2024-02-07,2024-08-06,서울 구로구,4.16
이젠아카데미 DX교육센터,AWS 프론트엔드 풀스택 웹서비스개발(데이터분석 플랫폼),3,24,20,55.0,응용SW엔지니어링,과정 종료,29,30,K-디지털트레이닝,2023-09-13,2024-02-27,서울 종로구,4.66
이젠아카데미 DX교육센터,AWS 프론트엔드 풀스택 웹서비스개발(데이터분석 플랫폼),4,11,8,50.0,응용SW엔지니어링,과정 종료,13,30,K-디지털트레이닝,2023-12-01,2024-05-10,서울 종로구,4.66
이젠아카데미 DX교육센터,AWS 프론트엔드 풀스택 웹서비스개발(데이터분석 플랫폼),5,20,19,진행중,응용SW엔지니어링,진행중,23,30,K-디지털트레이닝,2024-03-12,2024-08-21,서울 종로구,4.66
이젠아카데미DX교육센터,"백엔드 웹개발자 부트캠프(자바,파이썬,AI챗봇)",1,24,18,55.6,응용SW엔지니어링,과정 종료,27,30,K-디지털트레이닝,2023-08-23,2024-02-07,서울 서초구,3.36
이젠아카데미DX교육센터,"백엔드 웹개발자 부트캠프(자바,파이썬,AI챗봇)",2,17,11,63.6,응용SW엔지니어링,과정 종료,17,20,K-디지털트레이닝,2023-11-09,2024-05-02,서울 서초구,3.36
이젠아카데미DX교육센터,"백엔드 웹개발자 부트캠프(자바,파이썬,AI챗봇)",3,23,19,47.4,응용SW엔지니어링,과정 종료,26,23,K-디지털트레이닝,2024-01-22,2024-07-11,서울 서초구,3.36
이젠아카데미DX교육센터,"백엔드 웹개발자 부트캠프(자바,파이썬,AI챗봇)",4,29,23,진행중,응용SW엔지니어링,진행중,33,30,K-디지털트레이닝,2024-03-12,2024-08-26,서울 서초구,3.36
주식회사  하이테커,빅데이터 기반 비즈니스 분석가 양성과정,3,19,13,61.5,빅데이터분석,과정 종료,28,50,K-디지털트레이닝,2023-09-11,2023-11-28,서울 성동구,4.09
주식회사  하이테커,빅데이터 기반 비즈니스 분석가 양성과정,4,46,32,43.8,빅데이터분석,과정 종료,60,50,K-디지털트레이닝,2023-12-05,2024-02-21,서울 성동구,4.09
주식회사  하이테커,빅데이터 기반 비즈니스 분석가 양성과정,5,49,36,58.4,빅데이터분석,과정 종료,68,50,K-디지털트레이닝,2024-03-06,2024-05-22,서울 성동구,4.09
주식회사 로켓부스트,머신러닝 API를 활용한 AI 지능형 웹앱 서비스 개발자 양성,1,17,13,38.5,응용SW엔지니어링,과정 종료,17,20,K-디지털트레이닝,2023-12-20,2024-07-02,서울 성동구,4.61
주식회사 로켓부스트,머신러닝 API를 활용한 AI 지능형 웹앱 서비스 개발자 양성,2,8,5,진행중,응용SW엔지니어링,진행중,10,20,K-디지털트레이닝,2024-04-29,2024-11-14,서울 성동구,4.61
주식회사 이젠컴퓨터아카데미,"클라우드기반 AI Automation 스마트관리시스템(물류관리,생산관리)자바 백엔드개발",1,10,7,100.0,응용SW엔지니어링,과정 종료,11,30,K-디지털트레이닝,2023-12-20,2024-06-20,서울 노원구,4.87
주식회사 이젠컴퓨터아카데미,"클라우드기반 AI Automation 스마트관리시스템(물류관리,생산관리)자바 백엔드개발",2,13,11,진행중,응용SW엔지니어링,진행중,19,30,K-디지털트레이닝,2024-02-27,2024-08-21,서울 노원구,4.87
주식회사 이젠컴퓨터아카데미,"클라우드기반 AI Automation 스마트관리시스템(물류관리,생산관리)자바 백엔드개발",3,20,15,진행중,응용SW엔지니어링,진행중,21,30,K-디지털트레이닝,2024-04-16,2024-10-14,서울 노원구,4.87
주식회사경일게임아이티아카데미,DevOps 풀스택 개발자 부트캠프,1,13,13,진행중,응용SW엔지니어링,진행중,13,30,K-디지털트레이닝,2024-03-27,2024-10-29,서울 강동구,4.45
주식회사경일게임아이티아카데미,멀티 플랫폼 메타버스 게임 개발자 부트캠프,4,25,23,91.3,응용SW엔지니어링,과정 종료,42,30,K-디지털트레이닝,2023-08-21,2024-04-30,서울 강동구,4.57
주식회사경일게임아이티아카데미,멀티 플랫폼 메타버스 게임 개발자 부트캠프,5,28,24,진행중,응용SW엔지니어링,진행중,36,30,K-디지털트레이닝,2023-12-18,2024-08-30,서울 강동구,4.57
주식회사경일게임아이티아카데미,멀티 플랫폼 메타버스 게임 개발자 부트캠프,6,27,24,진행중,응용SW엔지니어링,진행중,34,30,K-디지털트레이닝,2024-02-19,2024-11-05,서울 강동구,4.57
주식회사경일게임아이티아카데미,멀티 플랫폼 메타버스 게임 개발자 부트캠프,7,28,26,진행중,응용SW엔지니어링,진행중,41,30,K-디지털트레이닝,2024-05-02,2025-01-16,서울 강동구,4.57
주식회사경일게임아이티아카데미,차세대 블록체인 기반 웹 풀스택 개발자 부트캠프,10,13,8,37.5,응용SW엔지니어링,과정 종료,23,30,K-디지털트레이닝,2023-06-12,2024-03-26,서울 강동구,4.25
주식회사멋쟁이사자처럼,멋쟁이사자처럼 데이터 분석 스쿨,1,32,15,53.4,빅데이터분석,과정 종료,41,60,K-디지털트레이닝,2023-11-14,2024-04-19,서울 종로구,4.26
주식회사멋쟁이사자처럼,멋쟁이사자처럼 데이터 분석 스쿨,2,55,35,57.2,빅데이터분석,과정 종료,75,60,K-디지털트레이닝,2024-02-13,2024-07-03,서울 종로구,4.26
주식회사멋쟁이사자처럼,멋쟁이사자처럼 디자인 스쿨,2,59,46,69.5,UI/UX엔지니어링,과정 종료,70,60,K-디지털트레이닝,2024-01-08,2024-05-20,서울 종로구,4.24
주식회사멋쟁이사자처럼,멋쟁이사자처럼 백엔드 스쿨,5,82,58,43.1,응용SW엔지니어링,과정 종료,94,110,K-디지털트레이닝,2023-10-18,2024-04-04,서울 종로구,4.11
주식회사멋쟁이사자처럼,멋쟁이사자처럼 백엔드 스쿨,6,53,32,59.4,응용SW엔지니어링,과정 종료,56,110,K-디지털트레이닝,2023-11-16,2024-05-03,서울 종로구,4.11
주식회사멋쟁이사자처럼,멋쟁이사자처럼 백엔드 스쿨,7,60,53,진행중,응용SW엔지니어링,진행중,69,110,K-디지털트레이닝,2024-03-11,2024-09-06,서울 종로구,4.11
주식회사멋쟁이사자처럼,멋쟁이사자처럼 백엔드/JAVA 스쿨(심화),1,21,15,40.0,응용SW엔지니어링,과정 종료,30,60,K-디지털트레이닝,2023-10-23,2023-12-22,서울 종로구,2.65
주식회사멋쟁이사자처럼,멋쟁이사자처럼 블록체인 스쿨,3,28,15,26.7,응용SW엔지니어링,과정 종료,33,80,K-디지털트레이닝,2023-10-18,2024-02-29,서울 종로구,4.36
주식회사멋쟁이사자처럼,멋쟁이사자처럼 블록체인 스쿨,4,23,15,진행중,응용SW엔지니어링,진행중,32,80,K-디지털트레이닝,2024-04-18,2024-08-30,서울 종로구,4.36
주식회사멋쟁이사자처럼,멋쟁이사자처럼 스타트업 스쿨,9,39,21,23.8,응용SW엔지니어링,과정 종료,46,55,K-디지털트레이닝,2023-07-17,2023-10-17,서울 종로구,4.28
주식회사멋쟁이사자처럼,멋쟁이사자처럼 스타트업 스쿨,10,28,18,66.7,응용SW엔지니어링,과정 종료,34,55,K-디지털트레이닝,2023-11-13,2024-02-07,서울 종로구,4.28
주식회사멋쟁이사자처럼,멋쟁이사자처럼 스타트업 스쿨,11,24,12,50.0,응용SW엔지니어링,과정 종료,31,55,K-디지털트레이닝,2024-03-08,2024-06-14,서울 종로구,4.28
주식회사멋쟁이사자처럼,멋쟁이사자처럼 앱/iOS 스쿨,3,61,50,28.0,응용SW엔지니어링,과정 종료,70,100,K-디지털트레이닝,2023-09-11,2024-02-28,서울 종로구,3.93
주식회사멋쟁이사자처럼,멋쟁이사자처럼 앱/iOS 스쿨,4,25,18,66.7,응용SW엔지니어링,과정 종료,34,100,K-디지털트레이닝,2023-11-20,2024-05-03,서울 종로구,3.93
주식회사멋쟁이사자처럼,멋쟁이사자처럼 앱/iOS 스쿨,5,48,42,진행중,응용SW엔지니어링,진행중,56,100,K-디지털트레이닝,2024-03-25,2024-09-13,서울 종로구,3.93
주식회사멋쟁이사자처럼,멋쟁이사자처럼 앱/안드로이드 스쿨,2,41,30,53.3,응용SW엔지니어링,과정 종료,47,80,K-디지털트레이닝,2023-12-26,2024-06-13,서울 종로구,4.36
주식회사멋쟁이사자처럼,멋쟁이사자처럼 프론트엔드 스쿨,8,88,77,40.3,응용SW엔지니어링,과정 종료,93,110,K-디지털트레이닝,2023-07-03,2023-11-10,서울 종로구,4.58
주식회사멋쟁이사자처럼,멋쟁이사자처럼 프론트엔드 스쿨,9,44,34,44.1,응용SW엔지니어링,과정 종료,54,110,K-디지털트레이닝,2023-10-23,2024-03-15,서울 종로구,4.58
주식회사멋쟁이사자처럼,멋쟁이사자처럼 프론트엔드 스쿨,10,40,34,58.8,응용SW엔지니어링,과정 종료,41,110,K-디지털트레이닝,2023-12-04,2024-04-26,서울 종로구,4.58
주식회사멋쟁이사자처럼,멋쟁이사자처럼 프론트엔드 스쿨,11,60,49,진행중,응용SW엔지니어링,진행중,66,110,K-디지털트레이닝,2024-04-22,2024-09-25,서울 종로구,4.58
주식회사멋쟁이사자처럼,멋쟁이사자처럼 프론트엔드 스쿨(심화),1,45,37,59.5,응용SW엔지니어링,과정 종료,49,60,K-디지털트레이닝,2023-10-23,2023-12-26,서울 종로구,3.91
주식회사멋쟁이사자처럼,실전 Unity 게임 개발: 모바일 콘텐츠 제작 기술 과정,1,57,49,진행중,응용SW엔지니어링,진행중,64,60,K-디지털트레이닝,2024-05-29,2024-11-22,서울 종로구,3.12
주식회사멋쟁이사자처럼,파이썬을 활용한 고도화 백엔드 아키텍처 설계 및 개발 과정,2,44,33,51.5,응용SW엔지니어링,과정 종료,59,100,K-디지털트레이닝,2024-02-19,2024-08-02,서울 종로구,4.25
중앙HTA IT교육원,"Public Cloud 활용 자바(JAVA) 웹 애플리케이션(Spring, Docker) 개발자 양성과정",1,8,6,50.0,응용SW엔지니어링,과정 종료,9,20,K-디지털트레이닝,2023-06-12,2023-12-27,서울 종로구,3.94
중앙HTA IT교육원,"Public Cloud 활용 자바(JAVA) 웹 애플리케이션(Spring, Docker) 개발자 양성과정",2,16,8,37.5,응용SW엔지니어링,과정 종료,18,30,K-디지털트레이닝,2023-07-31,2024-02-19,서울 종로구,3.94
중앙HTA IT교육원,"Public Cloud 활용 자바(JAVA) 웹 애플리케이션(Spring, Docker) 개발자 양성과정",3,10,9,66.7,응용SW엔지니어링,과정 종료,10,28,K-디지털트레이닝,2023-09-11,2024-03-29,서울 종로구,3.94
중앙HTA IT교육원,"Public Cloud 활용 자바(JAVA) 웹 애플리케이션(Spring, Docker) 개발자 양성과정",4,13,12,66.6,응용SW엔지니어링,과정 종료,14,30,K-디지털트레이닝,2023-10-23,2024-05-16,서울 종로구,3.94
중앙HTA IT교육원,"Public Cloud 활용 자바(JAVA) 웹 애플리케이션(Spring, Docker) 개발자 양성과정",5,19,17,진행중,응용SW엔지니어링,진행중,19,20,K-디지털트레이닝,2024-01-29,2024-08-23,서울 종로구,3.94
중앙HTA IT교육원,"Public Cloud 활용 자바(JAVA) 웹 애플리케이션(Spring, Docker) 개발자 양성과정",6,16,15,진행중,응용SW엔지니어링,진행중,16,30,K-디지털트레이닝,2024-03-04,2024-09-25,서울 종로구,3.94
중앙HTA IT교육원,"Public Cloud 활용 자바(JAVA) 웹 애플리케이션(Spring, Docker) 개발자 양성과정",7,11,9,진행중,응용SW엔지니어링,진행중,13,28,K-디지털트레이닝,2024-04-15,2024-11-08,서울 종로구,3.94
중앙HTA IT교육원,"Public Cloud 활용 자바(JAVA) 웹 애플리케이션(Spring, Docker) 개발자 양성과정",8,18,12,진행중,응용SW엔지니어링,진행중,19,30,K-디지털트레이닝,2024-05-27,2024-12-19,서울 종로구,3.94
중앙HTA IT교육원,자바(Java)기반 컨테이너 애플리케이션 가상화를 통한 Cloud Office 구축 프로젝트 과정,8,14,12,25.0,인프라스트럭쳐아키텍처구축,과정 종료,16,30,K-디지털트레이닝,2023-12-26,2024-07-01,서울 종로구,4.46
중앙정보기술인재개발원,데이터융합 JAVA 응용 SW개발자 기업 채용연계 연수과정,11,25,22,68.1,응용SW엔지니어링,과정 종료,25,30,K-디지털트레이닝,2023-06-01,2023-11-27,서울 강남구,4.5
중앙정보기술인재개발원,데이터융합 JAVA 응용 SW개발자 기업 채용연계 연수과정,12,30,18,50.0,응용SW엔지니어링,과정 종료,32,30,K-디지털트레이닝,2024-01-23,2024-07-19,서울 강남구,4.5
중앙정보기술인재개발원,데이터융합 JAVA 응용 SW개발자 기업 채용연계 연수과정,13,12,7,진행중,응용SW엔지니어링,진행중,15,30,K-디지털트레이닝,2024-05-29,2024-11-27,서울 강남구,4.5
중앙정보기술인재개발원,데이터융합 자바(JAVA) 응용 SW개발자 취업과정,4,25,20,65.0,응용SW엔지니어링,과정 종료,29,30,K-디지털트레이닝,2023-07-11,2024-01-19,서울 강남구,4.71
중앙정보기술인재개발원,데이터융합 자바(JAVA) 응용 SW개발자 취업과정,5,30,24,87.5,응용SW엔지니어링,과정 종료,32,30,K-디지털트레이닝,2023-08-17,2024-02-27,서울 강남구,4.71
중앙정보기술인재개발원,데이터융합 자바(JAVA) 응용 SW개발자 취업과정,6,23,17,70.6,응용SW엔지니어링,과정 종료,26,30,K-디지털트레이닝,2023-10-17,2024-04-23,서울 강남구,4.71
중앙정보기술인재개발원,데이터융합 자바(JAVA) 응용 SW개발자 취업과정,7,29,24,진행중,응용SW엔지니어링,진행중,35,30,K-디지털트레이닝,2024-04-03,2024-10-18,서울 강남구,4.71
중앙정보기술인재개발원,데이터융합 자바(JAVA) 응용 SW개발자 취업과정,8,23,22,진행중,응용SW엔지니어링,진행중,24,30,K-디지털트레이닝,2024-04-29,2024-11-15,서울 강남구,4.71
중앙정보기술인재개발원,클라우드 데브옵스 프론트엔드&백엔드 자바(JAVA) 풀스택 개발자 취업캠프,1,30,27,59.2,응용SW엔지니어링,과정 종료,35,30,K-디지털트레이닝,2023-11-21,2024-05-16,서울 강남구,4.53
중앙정보기술인재개발원,클라우드 데브옵스 프론트엔드&백엔드 자바(JAVA) 풀스택 개발자 취업캠프,1,24,19,57.9,응용SW엔지니어링,과정 종료,24,30,K-디지털트레이닝,2023-12-28,2024-06-25,서울 마포구,4.47
중앙정보기술인재개발원,클라우드 데브옵스 프론트엔드&백엔드 자바(JAVA) 풀스택 개발자 취업캠프,2,26,19,78.9,응용SW엔지니어링,과정 종료,26,30,K-디지털트레이닝,2023-12-29,2024-06-26,서울 강남구,4.53
중앙정보기술인재개발원,클라우드 데브옵스 프론트엔드&백엔드 자바(JAVA) 풀스택 개발자 취업캠프,2,18,15,진행중,응용SW엔지니어링,진행중,21,30,K-디지털트레이닝,2024-05-21,2024-11-19,서울 마포구,4.47
중앙정보기술인재개발원,클라우드 데브옵스 프론트엔드&백엔드 자바(JAVA) 풀스택 개발자 취업캠프,3,30,28,진행중,응용SW엔지니어링,진행중,30,30,K-디지털트레이닝,2024-03-05,2024-08-28,서울 강남구,4.53
중앙정보기술인재개발원,프로젝트 기반 자바(JAVA) 응용 SW개발자 취업과정,9,30,28,75.0,응용SW엔지니어링,과정 종료,35,30,K-디지털트레이닝,2023-06-27,2024-01-05,서울 마포구,4.33
중앙정보기술인재개발원,프로젝트 기반 자바(JAVA) 응용 SW개발자 취업과정,10,30,26,53.8,응용SW엔지니어링,과정 종료,32,30,K-디지털트레이닝,2023-08-24,2024-03-06,서울 마포구,4.33
중앙정보기술인재개발원,프로젝트 기반 자바(JAVA) 응용 SW개발자 취업과정,11,25,23,69.6,응용SW엔지니어링,과정 종료,30,30,K-디지털트레이닝,2023-10-17,2024-04-23,서울 마포구,4.33
중앙정보기술인재개발원,프로젝트 기반 자바(JAVA) 응용 SW개발자 취업과정,12,29,21,52.4,응용SW엔지니어링,과정 종료,31,30,K-디지털트레이닝,2024-01-30,2024-08-08,서울 마포구,4.33
중앙정보기술인재개발원,프로젝트 기반 자바(JAVA) 응용 SW개발자 취업과정,13,27,24,진행중,응용SW엔지니어링,진행중,30,30,K-디지털트레이닝,2024-03-19,2024-09-30,서울 마포구,4.33
중앙정보처리학원,빅데이터 기반 AI 응용 솔루션 개발자 전문과정,6,18,13,61.5,빅데이터분석,과정 종료,22,29,K-디지털트레이닝,2023-12-19,2024-06-17,서울 마포구,4.25
중앙정보처리학원,자바(JAVA)기반 풀스택 개발자 취업과정,5,27,23,60.9,응용SW엔지니어링,과정 종료,40,30,K-디지털트레이닝,2023-07-25,2024-02-02,서울 마포구,4.43
중앙정보처리학원,자바(JAVA)기반 풀스택 개발자 취업과정,6,30,19,47.4,응용SW엔지니어링,과정 종료,38,30,K-디지털트레이닝,2023-09-18,2024-04-01,서울 마포구,4.43
중앙정보처리학원,자바(JAVA)기반 풀스택 개발자 취업과정,7,28,23,69.5,응용SW엔지니어링,과정 종료,30,30,K-디지털트레이닝,2023-11-21,2024-05-30,서울 마포구,4.43
중앙정보처리학원,자바(JAVA)기반 풀스택 개발자 취업과정,8,30,29,진행중,응용SW엔지니어링,진행중,31,30,K-디지털트레이닝,2024-02-20,2024-08-29,서울 마포구,4.43
중앙정보처리학원,자바(JAVA)기반 풀스택 개발자 취업과정,9,23,20,진행중,응용SW엔지니어링,진행중,30,30,K-디지털트레이닝,2024-04-18,2024-11-05,서울 마포구,4.43
케이아이씨캠퍼스학원,[프로젝트 중심] 자바 개발 & 빅데이터 분석 전문가 양성과정,8,24,18,50.0,빅데이터분석,과정 종료,25,30,K-디지털트레이닝,2023-06-30,2023-12-06,서울 강남구,3.98
케이아이씨캠퍼스학원,[현업 전문가 멘토링]자바(JAVA)기반 백엔드 & AI 빅데이터 분석 양성과정,5,14,12,25.0,빅데이터플랫폼구축,과정 종료,14,30,K-디지털트레이닝,2023-10-18,2024-03-29,서울 강남구,4.11
케이아이씨캠퍼스학원,[현업 전문가 멘토링]자바(JAVA)기반 백엔드 & AI 빅데이터 분석 양성과정,6,13,9,22.2,빅데이터플랫폼구축,과정 종료,14,30,K-디지털트레이닝,2024-01-22,2024-07-08,서울 강남구,4.11
케이아이씨캠퍼스학원,[현업 전문가 멘토링]자바(JAVA)기반 백엔드 & AI 빅데이터 분석 양성과정,7,13,2,진행중,빅데이터플랫폼구축,진행중,15,30,K-디지털트레이닝,2024-03-07,2024-08-16,서울 강남구,4.11
케이아이씨캠퍼스학원,자바 풀스텍 웹개발자 과정(AWS클라우드 활용),1,22,18,61.2,응용SW엔지니어링,과정 종료,24,30,K-디지털트레이닝,2023-08-03,2024-01-25,서울 강남구,4.75
케이아이씨캠퍼스학원,자바 풀스텍 웹개발자 과정(AWS클라우드 활용),2,17,10,40.0,응용SW엔지니어링,과정 종료,20,30,K-디지털트레이닝,2023-12-18,2024-06-12,서울 강남구,4.75
케이지에듀원 아이티뱅크종로학원,퍼블릭 클라우드 기반 DevSecOps 융합 인재 양성 과정,1,18,13,46.2,응용SW엔지니어링,과정 종료,19,25,K-디지털트레이닝,2023-06-26,2023-12-27,서울 종로구,4.06
케이지에듀원 아이티뱅크종로학원,퍼블릭 클라우드 기반 DevSecOps 융합 인재 양성 과정,2,25,17,47.1,응용SW엔지니어링,과정 종료,26,25,K-디지털트레이닝,2023-08-03,2024-02-06,서울 종로구,4.06
케이지에듀원 아이티뱅크종로학원,퍼블릭 클라우드 기반 DevSecOps 융합 인재 양성 과정,3,18,14,진행중,응용SW엔지니어링,진행중,24,25,K-디지털트레이닝,2024-02-13,2024-08-12,서울 종로구,4.06
케이지에듀원 아이티뱅크종로학원,핀테크 서비스를 위한 풀스택 개발자 양성 과정,1,17,16,56.3,핀테크엔지니어링,과정 종료,21,25,K-디지털트레이닝,2023-06-07,2023-12-08,서울 종로구,3.5
케이지에듀원 아이티뱅크종로학원,핀테크 서비스를 위한 풀스택 개발자 양성 과정,2,24,17,58.8,핀테크엔지니어링,과정 종료,25,25,K-디지털트레이닝,2023-08-31,2024-02-29,서울 종로구,3.5
케이지에듀원 아이티뱅크종로학원,핀테크 서비스를 위한 풀스택 개발자 양성 과정,3,22,17,47.1,핀테크엔지니어링,과정 종료,26,25,K-디지털트레이닝,2024-01-31,2024-08-02,서울 종로구,3.5
케이지에듀원 아이티뱅크종로학원,핀테크 서비스를 위한 풀스택 개발자 양성 과정,4,20,15,진행중,핀테크엔지니어링,진행중,26,25,K-디지털트레이닝,2024-03-11,2024-09-06,서울 종로구,3.5
케이지에듀원 아이티뱅크종로학원,하이브리드 및 멀티클라우드 아키텍트 양성 과정,3,22,17,70.6,IT시스템관리,과정 종료,27,25,K-디지털트레이닝,2023-10-23,2024-03-20,서울 종로구,3.87
케이지에듀원 아이티뱅크종로학원,하이브리드 및 멀티클라우드 아키텍트 양성 과정,4,11,9,44.4,IT시스템관리,과정 종료,17,25,K-디지털트레이닝,2024-02-29,2024-08-01,서울 종로구,3.87
케이지에듀원 아이티뱅크종로학원,하이브리드 및 멀티클라우드 아키텍트 양성 과정,5,22,18,진행중,IT시스템관리,진행중,26,25,K-디지털트레이닝,2024-03-25,2024-08-22,서울 종로구,3.87
케이지에듀원 아이티뱅크종로학원,하이브리드 및 멀티클라우드 아키텍트 양성 과정,6,19,11,진행중,IT시스템관리,진행중,20,25,K-디지털트레이닝,2024-05-07,2024-10-08,서울 종로구,3.87
코드랩아카데미학원,클라우드 활용 O2O 서비스 플랫폼 웹&앱 개발,1,12,8,37.5,응용SW엔지니어링,과정 종료,17,30,K-디지털트레이닝,2024-02-27,2024-08-06,서울 금천구,4.74
코드잇 평생교육원,프론트엔드 엔지니어 부트캠프,1,51,35,77.2,응용SW엔지니어링,과정 종료,55,120,K-디지털트레이닝,2023-09-05,2024-03-04,서울 강남구,4.43
코드잇 평생교육원,프론트엔드 엔지니어 부트캠프,2,58,42,57.1,응용SW엔지니어링,과정 종료,62,120,K-디지털트레이닝,2023-10-17,2024-04-08,서울 강남구,4.43
코드잇 평생교육원,프론트엔드 엔지니어 부트캠프,3,37,28,50.0,응용SW엔지니어링,과정 종료,42,120,K-디지털트레이닝,2023-11-21,2024-05-21,서울 강남구,4.43
코드잇 평생교육원,프론트엔드 엔지니어 부트캠프,4,119,83,47.0,응용SW엔지니어링,과정 종료,122,180,K-디지털트레이닝,2023-12-28,2024-06-27,서울 강남구,4.43
코드잇 평생교육원,프론트엔드 엔지니어 부트캠프,5,56,42,진행중,응용SW엔지니어링,진행중,62,180,K-디지털트레이닝,2024-02-15,2024-08-12,서울 강남구,4.43
코드잇 평생교육원,프론트엔드 엔지니어 부트캠프,6,81,73,진행중,응용SW엔지니어링,진행중,85,180,K-디지털트레이닝,2024-03-07,2024-09-02,서울 강남구,4.43
코드잇 평생교육원,프론트엔드 엔지니어 부트캠프,7,37,33,진행중,응용SW엔지니어링,진행중,40,180,K-디지털트레이닝,2024-04-15,2024-10-15,서울 강남구,4.43
코드잇 평생교육원,프론트엔드 엔지니어 부트캠프,8,37,32,진행중,응용SW엔지니어링,진행중,41,180,K-디지털트레이닝,2024-05-17,2024-11-14,서울 강남구,4.43
코리아IT아카데미,(정보보안)웹서버개발 및 웹보안 솔루션 구축 융합과정,1,23,19,94.7,보안엔지니어링,과정 종료,24,35,K-디지털트레이닝,2023-12-28,2024-07-19,서울 강남구,4.13
코리아IT아카데미,(핀테크) Spring 기반 핀테크 개발자 양성과정,2,20,18,77.8,핀테크엔지니어링,과정 종료,21,21,K-디지털트레이닝,2023-08-23,2024-02-28,서울 강남구,4.46
코리아IT아카데미,(핀테크) Spring 기반 핀테크 개발자 양성과정,3,27,22,50.0,핀테크엔지니어링,과정 종료,28,35,K-디지털트레이닝,2023-09-07,2024-03-21,서울 강남구,4.46
코리아IT아카데미,(핀테크) Spring 기반 핀테크 개발자 양성과정,4,해당 정보 없음,0,미실시,핀테크엔지니어링,미실시,0,30,K-디지털트레이닝,2023-10-24,2024-04-22,서울 강남구,4.46
코리아IT아카데미,(핀테크) Spring 기반 핀테크 개발자 양성과정,5,27,24,79.2,핀테크엔지니어링,과정 종료,28,30,K-디지털트레이닝,2023-11-21,2024-06-03,서울 강남구,4.46
코리아아이티(IT)아카데미학원,클라우드를 활용한 보안 전문가 양성과정,2,18,15,100.0,보안엔지니어링,과정 종료,18,22,K-디지털트레이닝,2023-07-24,2024-01-24,서울 마포구,4.02
코리아아이티(IT)아카데미학원,클라우드를 활용한 보안 전문가 양성과정,3,20,20,100.0,보안엔지니어링,과정 종료,21,22,K-디지털트레이닝,2024-01-29,2024-08-01,서울 마포구,4.02
팀스파르타주식회사,[스마트훈련]실무형 Kotlin & Spring 개발자 양성과정,1,59,46,65.2,응용SW엔지니어링,과정 종료,81,100,K-디지털트레이닝,2023-11-27,2024-04-05,서울 강남구,4.24
팀스파르타주식회사,[스마트훈련]실무형 Kotlin & Spring 개발자 양성과정,2,32,28,진행중,응용SW엔지니어링,진행중,40,100,K-디지털트레이닝,2024-04-15,2024-08-22,서울 강남구,4.24
팀스파르타주식회사,[스마트훈련]실무형 데이터분석가 양성과정,1,91,69,63.8,빅데이터분석,과정 종료,139,100,K-디지털트레이닝,2023-12-18,2024-04-29,서울 강남구,4.17
팀스파르타주식회사,[스마트훈련]실무형 데이터분석가 양성과정,2,97,80,진행중,빅데이터분석,진행중,143,100,K-디지털트레이닝,2024-04-15,2024-08-22,서울 강남구,4.17
팀스파르타주식회사,[스타트업][스마트훈련]실무형 UX/UI 디자이너 양성과정,1,85,61,64.0,UI/UX엔지니어링,과정 종료,122,100,K-디지털트레이닝,2023-12-18,2024-04-15,서울 강남구,4.07
팀스파르타주식회사,[스타트업][스마트훈련]실무형 UX/UI 디자이너 양성과정,2,18,13,61.6,UI/UX엔지니어링,과정 종료,27,100,K-디지털트레이닝,2023-12-18,2024-04-15,서울 강남구,4.07
팀스파르타주식회사,[스타트업][스마트훈련]실무형 UX/UI 디자이너 양성과정,3,142,115,60.0,UI/UX엔지니어링,과정 종료,198,150,K-디지털트레이닝,2024-02-19,2024-06-14,서울 강남구,4.07
팀스파르타주식회사,[스타트업][스마트훈련]실무형 UX/UI 디자이너 양성과정,4,86,77,진행중,UI/UX엔지니어링,진행중,139,150,K-디지털트레이닝,2024-05-27,2024-09-20,서울 강남구,4.07
팀스파르타주식회사,[스타트업][스마트훈련]실무형 UX/UI 디자이너 양성과정,5,54,51,진행중,UI/UX엔지니어링,진행중,73,150,K-디지털트레이닝,2024-05-27,2024-09-20,서울 강남구,4.07
팀스파르타주식회사,실무형 Nodejs 백엔드 엔지니어 양성과정,3,69,52,50.0,응용SW엔지니어링,과정 종료,87,150,K-디지털트레이닝,2023-10-04,2024-02-20,서울 강남구,4.04
팀스파르타주식회사,실무형 Nodejs 백엔드 엔지니어 양성과정,4,65,46,65.3,응용SW엔지니어링,과정 종료,88,150,K-디지털트레이닝,2023-12-21,2024-05-10,서울 강남구,4.04
팀스파르타주식회사,실무형 Nodejs 백엔드 엔지니어 양성과정,5,111,92,진행중,응용SW엔지니어링,진행중,144,150,K-디지털트레이닝,2024-04-15,2024-08-29,서울 강남구,4.04
팀스파르타주식회사,실무형 Unity 게임개발자 양성과정,1,110,83,65.1,응용SW엔지니어링,과정 종료,130,150,K-디지털트레이닝,2023-08-07,2023-12-15,서울 강남구,4.41
팀스파르타주식회사,실무형 Unity 게임개발자 양성과정,2,106,82,65.9,응용SW엔지니어링,과정 종료,134,150,K-디지털트레이닝,2023-10-30,2024-03-08,서울 강남구,4.41
팀스파르타주식회사,실무형 Unity 게임개발자 양성과정,3,84,68,63.2,응용SW엔지니어링,과정 종료,100,150,K-디지털트레이닝,2023-12-21,2024-05-02,서울 강남구,4.41
팀스파르타주식회사,실무형 Unity 게임개발자 양성과정,4,117,109,진행중,응용SW엔지니어링,진행중,169,150,K-디지털트레이닝,2024-04-15,2024-08-22,서울 강남구,4.41
팀스파르타주식회사,실무형 Unity 게임개발자 양성과정,5,57,48,진행중,응용SW엔지니어링,진행중,66,150,K-디지털트레이닝,2024-04-15,2024-08-22,서울 강남구,4.41
팀스파르타주식회사,실무형 iOS 앱 개발자 양성과정,1,89,59,67.7,응용SW엔지니어링,과정 종료,127,100,K-디지털트레이닝,2023-07-10,2023-11-17,서울 강남구,3.98
팀스파르타주식회사,실무형 iOS 앱 개발자 양성과정,2,38,26,80.8,응용SW엔지니어링,과정 종료,52,100,K-디지털트레이닝,2023-11-20,2024-03-29,서울 강남구,3.98
팀스파르타주식회사,실무형 iOS 앱 개발자 양성과정,3,58,44,54.5,응용SW엔지니어링,과정 종료,82,100,K-디지털트레이닝,2024-02-26,2024-07-05,서울 강남구,3.98
팀스파르타주식회사,실무형 iOS 앱 개발자 양성과정,4,38,35,진행중,응용SW엔지니어링,진행중,63,100,K-디지털트레이닝,2024-05-27,2024-10-07,서울 강남구,3.98
팀스파르타주식회사,실무형 스프링 백엔드 엔지니어 양성과정,3,106,83,83.1,응용SW엔지니어링,과정 종료,124,150,K-디지털트레이닝,2023-10-04,2024-02-13,서울 강남구,4.21
팀스파르타주식회사,실무형 스프링 백엔드 엔지니어 양성과정,4,73,58,62.1,응용SW엔지니어링,과정 종료,91,150,K-디지털트레이닝,2023-12-21,2024-05-02,서울 강남구,4.21
팀스파르타주식회사,실무형 스프링 백엔드 엔지니어 양성과정,5,148,133,진행중,응용SW엔지니어링,진행중,197,150,K-디지털트레이닝,2024-04-15,2024-08-22,서울 강남구,4.21
팀스파르타주식회사,실무형 프론트엔드 엔지니어 양성과정,3,94,74,77.0,응용SW엔지니어링,과정 종료,108,150,K-디지털트레이닝,2023-10-04,2024-02-08,서울 강남구,4.32
팀스파르타주식회사,실무형 프론트엔드 엔지니어 양성과정,4,69,52,59.6,응용SW엔지니어링,과정 종료,83,150,K-디지털트레이닝,2023-12-21,2024-05-01,서울 강남구,4.32
팀스파르타주식회사,실무형 프론트엔드 엔지니어 양성과정,5,139,122,진행중,응용SW엔지니어링,진행중,197,150,K-디지털트레이닝,2024-04-15,2024-08-21,서울 강남구,4.32
팀스파르타주식회사,앱 제작 실무 과정,1,91,76,63.2,응용SW엔지니어링,과정 종료,112,100,K-디지털트레이닝,2023-07-10,2023-11-17,서울 강남구,4.26
팀스파르타주식회사,앱 제작 실무 과정,2,47,38,71.1,응용SW엔지니어링,과정 종료,63,100,K-디지털트레이닝,2023-11-20,2024-03-29,서울 강남구,4.26
팀스파르타주식회사,앱 제작 실무 과정,3,53,38,55.3,응용SW엔지니어링,과정 종료,77,100,K-디지털트레이닝,2024-02-26,2024-07-05,서울 강남구,4.26
팀스파르타주식회사,앱 제작 실무 과정,4,38,30,진행중,응용SW엔지니어링,진행중,62,100,K-디지털트레이닝,2024-05-27,2024-10-07,서울 강남구,4.26
패스트캠퍼스강남학원,AI 융합 백엔드 개발 부트캠프,1,41,35,진행중,응용SW엔지니어링,진행중,44,60,K-디지털트레이닝,2024-05-20,2024-12-13,서울 강남구,3.55
패스트캠퍼스강남학원,PM(프로덕트 매니저) 부트캠프,3,55,40,62.5,SW제품기획,과정 종료,69,55,K-디지털트레이닝,2023-08-16,2024-02-02,서울 강남구,3.89
패스트캠퍼스강남학원,PM(프로덕트 매니저) 부트캠프,4,44,30,53.3,SW제품기획,과정 종료,51,60,K-디지털트레이닝,2023-12-18,2024-06-14,서울 강남구,3.89
패스트캠퍼스강남학원,PM(프로덕트 매니저) 부트캠프,5,42,31,진행중,SW제품기획,진행중,52,60,K-디지털트레이닝,2024-03-11,2024-09-27,서울 강남구,3.89
패스트캠퍼스강남학원,UXUI 디자인 부트캠프,1,48,29,37.9,UI/UX엔지니어링,과정 종료,55,60,K-디지털트레이닝,2023-12-18,2024-06-14,서울 강남구,3.93
패스트캠퍼스강남학원,UXUI 디자인 부트캠프,2,49,38,진행중,UI/UX엔지니어링,진행중,53,60,K-디지털트레이닝,2024-03-11,2024-09-27,서울 강남구,3.93
패스트캠퍼스강남학원,데브캠프 : 프론트엔드 개발,1,65,45,35.5,응용SW엔지니어링,과정 종료,72,80,K-디지털트레이닝,2023-07-10,2024-01-30,서울 강남구,4.14
패스트캠퍼스강남학원,데브캠프 : 프론트엔드 개발,2,20,10,50.0,응용SW엔지니어링,과정 종료,22,80,K-디지털트레이닝,2023-11-06,2024-06-14,서울 강남구,4.14
패스트캠퍼스강남학원,데브캠프 : 프론트엔드 개발,3,26,19,진행중,응용SW엔지니어링,진행중,29,80,K-디지털트레이닝,2024-02-05,2024-09-27,서울 강남구,4.14
패스트캠퍼스강남학원,데브캠프 : 프론트엔드 개발,4,35,28,진행중,응용SW엔지니어링,진행중,41,80,K-디지털트레이닝,2024-05-20,2024-12-13,서울 강남구,4.14
패스트캠퍼스강남학원,데이터 분석 부트캠프,1,40,30,56.7,빅데이터분석,과정 종료,43,40,K-디지털트레이닝,2023-06-19,2023-10-27,서울 강남구,4.36
패스트캠퍼스강남학원,데이터 분석 부트캠프,2,41,28,50.0,빅데이터분석,과정 종료,47,50,K-디지털트레이닝,2023-08-21,2023-12-29,서울 강남구,4.36
패스트캠퍼스강남학원,데이터 분석 부트캠프,3,44,28,53.6,빅데이터분석,과정 종료,50,65,K-디지털트레이닝,2023-10-23,2024-03-15,서울 강남구,4.36
패스트캠퍼스강남학원,데이터 분석 부트캠프,4,43,28,60.7,빅데이터분석,과정 종료,47,50,K-디지털트레이닝,2023-12-18,2024-05-10,서울 강남구,4.36
패스트캠퍼스강남학원,데이터 분석 부트캠프,5,42,37,48.6,빅데이터분석,과정 종료,46,50,K-디지털트레이닝,2024-02-19,2024-07-12,서울 강남구,4.36
패스트캠퍼스강남학원,데이터 분석 부트캠프,6,49,41,진행중,빅데이터분석,진행중,60,60,K-디지털트레이닝,2024-04-22,2024-09-13,서울 강남구,4.36
패스트캠퍼스강남학원,백엔드 개발 부트캠프,4,22,13,76.9,응용SW엔지니어링,과정 종료,19,50,K-디지털트레이닝,2023-10-10,2024-04-18,서울 강남구,3.85
패스트캠퍼스강남학원,백엔드 개발 부트캠프,5,0,0,미실시,응용SW엔지니어링,미실시,0,50,K-디지털트레이닝,2023-11-06,2024-06-14,서울 강남구,3.85
패스트캠퍼스강남학원,백엔드 개발 부트캠프,6,34,28,진행중,응용SW엔지니어링,진행중,37,50,K-디지털트레이닝,2024-02-05,2024-09-27,서울 강남구,3.85
패스트캠퍼스강남학원,핀테크 서비스 백엔드 개발자 양성 과정,4,50,37,45.9,핀테크엔지니어링,과정 종료,64,50,K-디지털트레이닝,2023-07-10,2024-01-30,서울 강남구,3.71
패스트캠퍼스강남학원,핀테크 서비스 백엔드 개발자 양성 과정,5,20,10,40.0,핀테크엔지니어링,과정 종료,26,50,K-디지털트레이닝,2023-11-06,2024-06-28,서울 강남구,3.71
플레이데이터평생교육원,AI프로젝트 글로벌표준 기반의 풀스택 딥러닝 활용SW 개발자 양성과정,5,24,18,50.0,응용SW엔지니어링,과정 종료,44,30,K-디지털트레이닝,2024-01-15,2024-07-10,서울 서초구,3.75
플레이데이터평생교육원,AI프로젝트 글로벌표준 기반의 풀스택 딥러닝 활용SW 개발자 양성과정,6,20,14,진행중,응용SW엔지니어링,진행중,25,30,K-디지털트레이닝,2024-03-07,2024-08-29,서울 서초구,3.75
플레이데이터평생교육원,빅데이터 기반 지능형SW 및 MLOps 개발자 양성과정,15,22,16,62.5,빅데이터분석,과정 종료,32,30,K-디지털트레이닝,2023-06-07,2023-12-05,서울 서초구,3.79
플레이데이터평생교육원,빅데이터 기반 지능형SW 및 MLOps 개발자 양성과정,16,21,17,35.3,빅데이터분석,과정 종료,30,30,K-디지털트레이닝,2023-08-14,2024-02-14,서울 서초구,3.79
플레이데이터평생교육원,빅데이터 기반 지능형SW 및 MLOps 개발자 양성과정,17,30,22,45.5,빅데이터분석,과정 종료,35,30,K-디지털트레이닝,2023-09-25,2024-03-22,서울 서초구,3.79
플레이데이터평생교육원,빅데이터 기반 지능형SW 및 MLOps 개발자 양성과정,18,25,18,55.6,빅데이터분석,과정 종료,30,30,K-디지털트레이닝,2023-12-27,2024-06-24,서울 서초구,3.79
플레이데이터평생교육원,빅데이터 기반 지능형SW 및 MLOps 개발자 양성과정,19,24,21,진행중,빅데이터분석,진행중,27,30,K-디지털트레이닝,2024-02-15,2024-08-13,서울 서초구,3.79
플레이데이터평생교육원,빅데이터 기반 지능형SW 및 MLOps 개발자 양성과정,20,30,26,진행중,빅데이터분석,진행중,33,30,K-디지털트레이닝,2024-04-01,2024-09-27,서울 서초구,3.79
플레이데이터평생교육원,인공지능을 활용한 휴먼 포즈 제네레이션 시스템 개발자 양성 과정,5,19,15,53.3,응용SW엔지니어링,과정 종료,22,25,K-디지털트레이닝,2023-08-10,2024-02-07,서울 서초구,4.17
플레이데이터평생교육원,인공지능을 활용한 휴먼 포즈 제네레이션 시스템 개발자 양성 과정,6,해당 정보 없음,0,미실시,응용SW엔지니어링,미실시,0,25,K-디지털트레이닝,2023-08-14,2023-11-15,서울 서초구,4.17
플레이데이터평생교육원,풀스택 백엔드 개발자 양성 과정,2,28,23,34.7,응용SW엔지니어링,과정 종료,32,30,K-디지털트레이닝,2023-06-22,2023-12-21,서울 서초구,4.08
플레이데이터평생교육원,풀스택 백엔드 개발자 양성 과정,3,25,18,38.9,응용SW엔지니어링,과정 종료,34,30,K-디지털트레이닝,2023-06-29,2023-12-29,서울 서초구,4.08
플레이데이터평생교육원,풀스택 백엔드 개발자 양성 과정,4,18,15,46.7,응용SW엔지니어링,과정 종료,20,30,K-디지털트레이닝,2023-08-09,2024-02-07,서울 서초구,4.08
플레이데이터평생교육원,풀스택 백엔드 개발자 양성 과정,5,18,16,진행중,응용SW엔지니어링,진행중,28,30,K-디지털트레이닝,2024-02-26,2024-08-23,서울 서초구,4.08
플레이데이터평생교육원,한화시스템 BEYOND SW 캠프 - “청년들의 미래를 이끄는 프로그램”,1,21,18,33.3,응용SW엔지니어링,과정 종료,34,30,K-디지털트레이닝,2023-10-30,2024-04-25,서울 서초구,4.38
플레이데이터평생교육원,한화시스템 BEYOND SW 캠프 - “청년들의 미래를 이끄는 프로그램”,2,28,21,42.9,응용SW엔지니어링,과정 종료,33,30,K-디지털트레이닝,2023-10-30,2024-04-22,서울 서초구,4.38
플레이데이터평생교육원,한화시스템 BEYOND SW 캠프 - “청년들의 미래를 이끄는 프로그램”,3,27,19,57.9,응용SW엔지니어링,과정 종료,36,30,K-디지털트레이닝,2023-11-14,2024-05-09,서울 서초구,4.38
플레이데이터평생교육원,한화시스템 BEYOND SW 캠프 - “청년들의 미래를 이끄는 프로그램”,4,30,27,37.0,응용SW엔지니어링,과정 종료,38,30,K-디지털트레이닝,2023-12-18,2024-06-14,서울 서초구,4.38
플레이데이터평생교육원,한화시스템 BEYOND SW 캠프 - “청년들의 미래를 이끄는 프로그램”,5,30,27,48.1,응용SW엔지니어링,과정 종료,39,30,K-디지털트레이닝,2024-01-08,2024-07-03,서울 서초구,4.38
플레이데이터평생교육원,한화시스템 BEYOND SW 캠프 - “청년들의 미래를 이끄는 프로그램”,6,30,24,진행중,응용SW엔지니어링,진행중,38,30,K-디지털트레이닝,2024-04-29,2024-10-28,서울 서초구,4.38
플레이데이터평생교육원,한화시스템 BEYOND SW 캠프 - “청년들의 미래를 이끄는 프로그램”,7,30,25,진행중,응용SW엔지니어링,진행중,44,30,K-디지털트레이닝,2024-05-13,2024-11-06,서울 서초구,4.38
플레이데이터평생교육원,한화시스템 BEYOND SW 캠프 - “청년들의 미래를 이끄는 프로그램”,8,29,21,진행중,응용SW엔지니어링,진행중,43,30,K-디지털트레이닝,2024-05-13,2024-11-08,서울 서초구,4.38
하이미디어아카데미,(실무 프로젝트기반) 자바 풀스택 개발자(React.js와 Springboot활용),1,20,14,50.0,응용SW엔지니어링,과정 종료,23,25,K-디지털트레이닝,2023-07-24,2024-02-23,서울 서대문구,4.75
하이미디어아카데미,(실무 프로젝트기반) 자바 풀스택 개발자(React.js와 Springboot활용),2,30,25,36.0,응용SW엔지니어링,과정 종료,36,30,K-디지털트레이닝,2023-11-15,2024-05-30,서울 서대문구,4.75
하이미디어아카데미,(실무 프로젝트기반) 자바 풀스택 개발자(React.js와 Springboot활용),3,22,16,진행중,응용SW엔지니어링,진행중,24,22,K-디지털트레이닝,2024-01-30,2024-08-14,서울 서대문구,4.75
하이미디어아카데미,(실무 프로젝트기반) 자바 풀스택 개발자(React.js와 Springboot활용),4,17,10,진행중,응용SW엔지니어링,진행중,26,25,K-디지털트레이닝,2024-03-26,2024-10-25,서울 서대문구,4.75
하이미디어아카데미,(실무 프로젝트기반)자바 풀스택 개발자(React/Springboot/Cloud 배포) 취업과정,1,11,10,30.0,응용SW엔지니어링,과정 종료,17,25,K-디지털트레이닝,2023-12-12,2024-06-13,서울 서대문구,3.85
하이미디어아카데미,"클라우드 기반의 자바 풀스택 (Springboot, React, flutter) 개발자",1,18,10,60.0,응용SW엔지니어링,과정 종료,23,20,K-디지털트레이닝,2023-11-08,2024-05-01,서울 서초구,4.81
하이미디어아카데미,"클라우드 기반의 자바 풀스택 (Springboot, React, flutter) 개발자",2,20,14,92.9,응용SW엔지니어링,과정 종료,33,20,K-디지털트레이닝,2023-12-19,2024-06-14,서울 서초구,4.81
하이미디어아카데미,"클라우드 기반의 자바 풀스택 (Springboot, React, flutter) 개발자",3,19,13,53.8,응용SW엔지니어링,과정 종료,29,20,K-디지털트레이닝,2024-01-25,2024-07-18,서울 서초구,4.81
하이미디어아카데미,"클라우드 기반의 자바 풀스택 (Springboot, React, flutter) 개발자",4,21,19,진행중,응용SW엔지니어링,진행중,27,26,K-디지털트레이닝,2024-04-08,2024-10-02,서울 서초구,4.81
하이미디어아카데미인재개발원,(K-디지털트레이닝) 인공지능(AI-X) 프로젝트 부트캠프,1,23,21,71.4,응용SW엔지니어링,과정 종료,28,30,K-디지털트레이닝,2023-09-05,2023-11-10,서울 종로구,4.5
하이미디어아카데미인재개발원,(K-디지털트레이닝) 인공지능(AI-X) 프로젝트 부트캠프,2,30,29,75.9,응용SW엔지니어링,과정 종료,34,30,K-디지털트레이닝,2023-11-23,2024-01-18,서울 종로구,4.5
하이미디어아카데미인재개발원,(K-디지털트레이닝) 인공지능(AI-X) 프로젝트 부트캠프,3,23,19,84.2,응용SW엔지니어링,과정 종료,37,30,K-디지털트레이닝,2024-01-29,2024-03-26,서울 종로구,4.5
하이미디어아카데미인재개발원,(K-디지털트레이닝) 인공지능(AI-X) 프로젝트 부트캠프,4,18,14,85.7,응용SW엔지니어링,과정 종료,21,30,K-디지털트레이닝,2024-04-08,2024-06-04,서울 종로구,4.5
하이미디어아카데미인재개발원,React.js와 Springboot를 활용한 자바 풀스택 개발자,6,23,21,33.3,응용SW엔지니어링,과정 종료,28,30,K-디지털트레이닝,2023-07-04,2023-12-22,서울 종로구,4.51
하이미디어아카데미인재개발원,React.js와 Springboot를 활용한 자바 풀스택 개발자,7,23,20,45.0,응용SW엔지니어링,과정 종료,25,30,K-디지털트레이닝,2023-09-19,2024-02-29,서울 종로구,4.51
하이미디어아카데미인재개발원,React.js와 Springboot를 활용한 자바 풀스택 개발자,8,15,11,63.6,응용SW엔지니어링,과정 종료,19,30,K-디지털트레이닝,2023-12-11,2024-06-01,서울 종로구,4.51
하이미디어아카데미인재개발원,React.js와 Springboot를 활용한 자바 풀스택 개발자,9,18,14,21.4,응용SW엔지니어링,과정 종료,22,22,K-디지털트레이닝,2024-01-23,2024-07-16,서울 종로구,4.51
하이미디어아카데미인재개발원,"[실무프로젝트]자바 웹개발자(React, Springboot, intelliJ, AWS)",1,17,15,66.7,응용SW엔지니어링,과정 종료,20,30,K-디지털트레이닝,2023-12-27,2024-06-19,서울 종로구,4.01
하이미디어아카데미인재개발원,"[실무프로젝트]자바 웹개발자(React, Springboot, intelliJ, AWS)",2,27,21,진행중,응용SW엔지니어링,진행중,33,30,K-디지털트레이닝,2024-03-18,2024-09-06,서울 종로구,4.01
하이미디어아카데미인재개발원,스마트웹 모바일 서비스를 위한 클라우드 기반의 MSA 풀스택 자바 개발자,6,17,11,45.5,응용SW엔지니어링,과정 종료,21,30,K-디지털트레이닝,2023-06-08,2023-12-08,서울 종로구,4.11
하이미디어아카데미인재개발원,자바 풀스택개발자(React.js+Springboot+엘라스틱 서치)취업과정,1,14,8,50.0,응용SW엔지니어링,과정 종료,16,30,K-디지털트레이닝,2023-11-14,2024-05-08,서울 종로구,3.81
하이미디어컴퓨터학원,오픈소스를 활용한 자바기반 RPA 응용SW개발자 양성과정,1,12,5,40.0,응용SW엔지니어링,과정 종료,17,22,K-디지털트레이닝,2023-09-05,2024-03-05,서울 강동구,3.44
하이미디어컴퓨터학원,오픈소스를 활용한 자바기반 RPA 응용SW개발자 양성과정,2,12,7,28.6,응용SW엔지니어링,과정 종료,22,22,K-디지털트레이닝,2024-01-30,2024-07-24,서울 강동구,3.44
한경닷컴IT교육센터,PBL기반 자바/스프링 백엔드 과정,2,30,28,60.7,응용SW엔지니어링,과정 종료,30,40,K-디지털트레이닝,2023-07-10,2024-01-23,서울 영등포구,4.65
한경닷컴IT교육센터,PBL기반 자바/스프링 백엔드 과정,3,11,11,63.6,응용SW엔지니어링,과정 종료,12,20,K-디지털트레이닝,2023-12-28,2024-06-26,서울 영등포구,4.65
한경닷컴IT교육센터,데이터 분석 기반 디지털 마케팅,1,30,20,50.0,빅데이터분석,과정 종료,35,30,K-디지털트레이닝,2023-09-11,2023-12-13,서울 영등포구,4.0
한경닷컴IT교육센터,데이터 분석 기반 디지털 마케팅,2,30,19,47.4,빅데이터분석,과정 종료,34,30,K-디지털트레이닝,2023-12-26,2024-03-29,서울 영등포구,4.0
한경닷컴IT교육센터,데이터 분석 기반 디지털 마케팅,3,24,17,53.0,빅데이터분석,과정 종료,30,30,K-디지털트레이닝,2024-04-01,2024-07-03,서울 영등포구,4.0
한국ICT인재개발원,데이터처리 기반 자바 풀스택 개발자 과정,3,30,22,81.8,응용SW엔지니어링,과정 종료,40,30,K-디지털트레이닝,2023-08-17,2024-02-08,서울 마포구,4.61
한국ICT인재개발원,데이터처리 기반 자바 풀스택 개발자 과정,4,30,26,61.5,응용SW엔지니어링,과정 종료,36,30,K-디지털트레이닝,2023-10-12,2024-04-03,서울 마포구,4.61
한국ICT인재개발원,데이터처리 기반 자바 풀스택 개발자 과정,5,28,18,72.2,응용SW엔지니어링,과정 종료,30,30,K-디지털트레이닝,2024-01-17,2024-07-12,서울 마포구,4.61
한국ICT인재개발원,데이터처리 기반 자바 풀스택 개발자 과정,6,29,27,진행중,응용SW엔지니어링,진행중,34,30,K-디지털트레이닝,2024-02-27,2024-08-21,서울 마포구,4.61
한국ICT인재개발원,지능형 도우미 서비스 융합 웹서비스 개발자 과정,4,30,20,70.0,응용SW엔지니어링,과정 종료,33,30,K-디지털트레이닝,2023-07-11,2024-01-29,서울 마포구,4.63
한국ICT인재개발원,지능형 도우미 서비스 융합 웹서비스 개발자 과정,5,30,22,77.2,응용SW엔지니어링,과정 종료,36,30,K-디지털트레이닝,2023-08-23,2024-03-18,서울 마포구,4.63
한국ICT인재개발원,지능형 도우미 서비스 융합 웹서비스 개발자 과정,6,16,16,진행중,응용SW엔지니어링,진행중,25,30,K-디지털트레이닝,2024-02-05,2024-08-28,서울 마포구,4.63
한국ICT인재개발원,클라우드기반 AI 대화형 서비스 웹개발자 양성,1,22,15,86.7,응용SW엔지니어링,과정 종료,25,30,K-디지털트레이닝,2023-11-22,2024-06-05,서울 마포구,4.71
한국ICT인재개발원,클라우드기반 AI 대화형 서비스 웹개발자 양성,2,27,17,64.7,응용SW엔지니어링,과정 종료,30,30,K-디지털트레이닝,2023-12-27,2024-07-09,서울 마포구,4.71
한국ICT인재개발원,클라우드기반 AI 대화형 서비스 웹개발자 양성,3,0,0,미실시,응용SW엔지니어링,미실시,1,30,K-디지털트레이닝,2024-03-25,2024-10-07,서울 마포구,4.71
한국ICT인재개발원,클라우드기반 AI 대화형 서비스 웹개발자 양성,4,22,12,75.0,응용SW엔지니어링,과정 종료,26,30,K-디지털트레이닝,2023-12-28,2024-07-10,서울 마포구,4.71
한국ICT인재개발원,클라우드기반 AI 대화형 서비스 웹개발자 양성,5,24,16,진행중,응용SW엔지니어링,진행중,31,30,K-디지털트레이닝,2024-04-15,2024-10-28,서울 마포구,4.71
한국ICT인재개발원,클라우드기반 AI 대화형 서비스 웹개발자 양성,6,29,24,진행중,응용SW엔지니어링,진행중,35,30,K-디지털트레이닝,2024-03-19,2024-09-30,서울 마포구,4.71
한국ICT인재개발원 성수센터,데이터 처리 기반 풀스택 개발자 과정,5,24,18,61.1,응용SW엔지니어링,과정 종료,26,30,K-디지털트레이닝,2023-09-20,2024-03-18,서울 성동구,4.47
한국ICT인재개발원 성수센터,클라우드 기반 자바&스프링 개발자 과정,1,15,11,72.7,응용SW엔지니어링,과정 종료,15,20,K-디지털트레이닝,2023-10-31,2024-04-23,서울 성동구,4.72
한국ICT인재개발원 성수센터,클라우드 기반 자바&스프링 개발자 과정,2,0,0,미실시,응용SW엔지니어링,미실시,0,20,K-디지털트레이닝,2024-02-28,2024-08-21,서울 성동구,4.72
한국ICT인재개발원 성수센터,클라우드 기반 자바&스프링 개발자 과정,3,19,15,진행중,응용SW엔지니어링,진행중,22,30,K-디지털트레이닝,2024-05-09,2024-10-30,서울 성동구,4.72
한국경영인증원,클라우드 기반 인공지능 시스템 구축 실무과정,7,9,8,12.5,빅데이터분석,과정 종료,13,24,K-디지털트레이닝,2023-07-24,2023-12-12,서울 영등포구,4.83
한국경영인증원,클라우드 기반 인공지능 시스템 구축 실무과정,8,0,0,미실시,빅데이터분석,미실시,4,24,K-디지털트레이닝,2023-12-26,2024-05-13,서울 영등포구,4.83
한국능력개발직업전문학교,AI/빅데이터 분석솔루션 개발자과정,1,해당 정보 없음,0,미실시,응용SW엔지니어링,미실시,1,20,K-디지털트레이닝,2023-12-19,2024-06-21,서울 영등포구,0.0
한국소프트웨어산업협회,빅데이터 플랫폼 기반 AI 융합 서비스 개발자 양성과정,4,20,14,35.7,빅데이터분석,과정 종료,24,20,K-디지털트레이닝,2023-07-10,2023-12-29,서울 송파구,4.34
한국소프트웨어인재개발원,빅데이터 분석 서비스 구현을 위한 JAVA/Python 풀스택 전문가 양성 과정,2,16,14,85.7,빅데이터분석,과정 종료,17,30,K-디지털트레이닝,2023-07-27,2024-01-22,서울 금천구,4.17
한국소프트웨어인재개발원,빅데이터 분석 서비스 구현을 위한 JAVA/Python 풀스택 전문가 양성 과정,3,14,11,81.8,빅데이터분석,과정 종료,15,30,K-디지털트레이닝,2023-10-26,2024-04-18,서울 금천구,4.17
한국소프트웨어인재개발원,빅데이터 분석 서비스 구현을 위한 JAVA/Python 풀스택 전문가 양성 과정,4,13,11,63.6,빅데이터분석,과정 종료,17,30,K-디지털트레이닝,2023-12-19,2024-06-18,서울 금천구,4.17
한국소프트웨어인재개발원,빅데이터 분석 서비스 구현을 위한 JAVA/Python 풀스택 전문가 양성 과정,5,20,14,78.5,빅데이터분석,과정 종료,20,30,K-디지털트레이닝,2023-12-28,2024-06-25,서울 금천구,4.17
한국소프트웨어인재개발원,빅데이터 분석 서비스 구현을 위한 JAVA/Python 풀스택 전문가 양성 과정,6,15,0,미실시,빅데이터분석,미실시,21,30,K-디지털트레이닝,2024-01-30,2024-07-25,서울 금천구,4.17
한국소프트웨어인재개발원,빅데이터 분석 서비스 구현을 위한 JAVA/Python 풀스택 전문가 양성 과정,7,13,10,진행중,빅데이터분석,진행중,17,30,K-디지털트레이닝,2024-03-26,2024-09-23,서울 금천구,4.17
한국소프트웨어인재개발원,빅데이터 분석 서비스 구현을 위한 JAVA/Python 풀스택 전문가 양성 과정,8,24,23,진행중,빅데이터분석,진행중,24,30,K-디지털트레이닝,2024-04-25,2024-10-23,서울 금천구,4.17
한국소프트웨어인재개발원,빅데이터기반 인공지능 융합 서비스 개발자,6,11,6,33.3,빅데이터분석,과정 종료,12,30,K-디지털트레이닝,2023-10-26,2024-04-18,서울 금천구,3.96
한국소프트웨어인재개발원,빅데이터기반 인공지능 융합 서비스 개발자,7,14,13,진행중,빅데이터분석,진행중,16,22,K-디지털트레이닝,2024-02-26,2024-08-13,서울 금천구,3.96
한국소프트웨어인재개발원,빅데이터기반 인공지능 융합 서비스 개발자,8,22,19,진행중,빅데이터분석,진행중,24,25,K-디지털트레이닝,2024-03-04,2024-08-27,서울 금천구,3.96
한국소프트웨어인재개발원,빅데이터기반 인공지능 융합 서비스 개발자,9,21,18,진행중,빅데이터분석,진행중,22,25,K-디지털트레이닝,2024-05-16,2024-11-14,서울 금천구,3.96
한국소프트웨어인재개발원,자바 파이썬 활용 빅데이터 서비스 개발자 과정,9,10,8,50.0,빅데이터분석,과정 종료,13,30,K-디지털트레이닝,2023-08-23,2024-02-20,서울 금천구,3.73
한국전파진흥협회,(HL 만도 및 HL Klemove) Intelligent Vehicle School ,1,28,14,64.3,임베디드SW엔지니어링,과정 종료,29,28,K-디지털트레이닝,2023-11-06,2024-04-23,서울 양천구,4.53
한국전파진흥협회,(HL 만도 및 HL Klemove) Intelligent Vehicle School ,2,27,19,진행중,임베디드SW엔지니어링,진행중,32,28,K-디지털트레이닝,2024-05-23,2024-11-15,서울 양천구,4.53
한국전파진흥협회,AWS Cloud School,1,29,22,50.0,클라우드인프라스트럭쳐엔지니어링,과정 종료,31,30,K-디지털트레이닝,2023-08-28,2024-03-15,서울 양천구,4.37
한국전파진흥협회,AWS Cloud School,2,23,19,47.4,클라우드인프라스트럭쳐엔지니어링,과정 종료,25,28,K-디지털트레이닝,2023-09-13,2024-04-02,서울 양천구,4.37
한국전파진흥협회,AWS Cloud School,3,23,13,53.9,클라우드인프라스트럭쳐엔지니어링,과정 종료,24,28,K-디지털트레이닝,2023-09-13,2024-04-02,서울 양천구,4.37
한국전파진흥협회,AWS Cloud School,4,28,25,44.0,클라우드인프라스트럭쳐엔지니어링,과정 종료,30,28,K-디지털트레이닝,2024-01-16,2024-07-31,서울 양천구,4.37
한국전파진흥협회,AWS Cloud School,5,25,21,진행중,클라우드인프라스트럭쳐엔지니어링,진행중,28,28,K-디지털트레이닝,2024-03-26,2024-10-18,서울 양천구,4.37
한국전파진흥협회,AWS Cloud School,6,22,10,진행중,클라우드인프라스트럭쳐엔지니어링,진행중,23,28,K-디지털트레이닝,2024-05-09,2024-11-28,서울 양천구,4.37
한국전파진흥협회,LG헬로비전 DX DATA School,1,28,25,60.0,빅데이터분석,과정 종료,33,28,K-디지털트레이닝,2023-06-27,2023-12-29,서울 양천구,4.29
한국전파진흥협회,LG헬로비전 DX DATA School,2,28,20,30.0,빅데이터분석,과정 종료,33,28,K-디지털트레이닝,2023-12-20,2024-06-26,서울 양천구,4.29
한국전파진흥협회,카카오(Kakao) 클라우드 개발자 양성과정,4,28,22,36.4,응용SW엔지니어링,과정 종료,29,28,K-디지털트레이닝,2023-12-06,2024-06-11,서울 양천구,4.08
한국전파진흥협회,카카오(Kakao) 클라우드 개발자 양성과정,5,50,49,진행중,응용SW엔지니어링,진행중,62,50,K-디지털트레이닝,2024-04-02,2024-10-11,서울 양천구,4.08
한국전파진흥협회,카카오(Kakao) 클라우드 엔지니어 양성과정,4,27,22,59.1,시스템SW엔지니어링,과정 종료,28,28,K-디지털트레이닝,2023-12-06,2024-06-11,서울 양천구,4.46
한국전파진흥협회,카티아(CATIA) 버추얼 트윈 스쿨,1,28,15,66.7,시스템SW엔지니어링,과정 종료,34,28,K-디지털트레이닝,2023-12-18,2024-05-24,서울 양천구,4.67
한국전파진흥협회,현대오토에버 모빌리티 임베디드 SW 스쿨,1,28,25,80.0,임베디드SW엔지니어링,과정 종료,59,28,K-디지털트레이닝,2023-06-12,2023-12-11,서울 양천구,4.4
한국전파진흥협회,현대오토에버 모빌리티 임베디드 SW 스쿨,2,28,25,80.0,임베디드SW엔지니어링,과정 종료,28,28,K-디지털트레이닝,2023-11-27,2024-05-31,서울 양천구,4.4
한국정보교육원(구.경원직업전문학교),HIWARE로 완성하는 클라우드 IT 인프라 보안 엔지니어 양성,1,16,15,93.3,IT시스템관리,과정 종료,19,20,K-디지털트레이닝,2023-12-28,2024-06-25,서울 관악구,4.46
한국정보교육원(구.경원직업전문학교),HIWARE로 완성하는 클라우드 IT 인프라 보안 엔지니어 양성,2,18,17,70.6,IT시스템관리,과정 종료,18,20,K-디지털트레이닝,2024-01-29,2024-07-24,서울 관악구,4.46
한국정보교육원(구.경원직업전문학교),KT클라우드와 NHN Cloud로 완성하는 클라우드 엔지니어 양성,1,21,20,100.0,IT시스템관리,과정 종료,23,25,K-디지털트레이닝,2023-12-04,2024-05-30,서울 관악구,4.28
한국정보교육원(구.경원직업전문학교),KT클라우드와 NHN Cloud로 완성하는 클라우드 엔지니어 양성,2,28,25,진행중,IT시스템관리,진행중,31,30,K-디지털트레이닝,2023-12-18,2024-08-30,서울 관악구,4.28
한국정보교육원(구.경원직업전문학교),KT클라우드와 NHN Cloud로 완성하는 클라우드 엔지니어 양성,3,26,19,진행중,IT시스템관리,진행중,28,30,K-디지털트레이닝,2024-01-02,2024-09-20,서울 관악구,4.28
한국정보교육원(구.경원직업전문학교),KT클라우드와 NHN Cloud로 완성하는 클라우드 엔지니어 양성,4,22,21,76.2,IT시스템관리,과정 종료,28,25,K-디지털트레이닝,2024-01-08,2024-07-03,서울 관악구,4.28
한국정보교육원(구.경원직업전문학교),자바 스프링 리액트로 완성하는 클라우드 활용 풀스택 개발 ,2,0,0,미실시,응용SW엔지니어링,미실시,9,24,K-디지털트레이닝,2023-07-03,2024-01-05,서울 관악구,4.66
한국정보교육원(구.경원직업전문학교),자바 스프링 리액트로 완성하는 클라우드 활용 풀스택 개발 ,3,24,14,42.9,응용SW엔지니어링,과정 종료,24,25,K-디지털트레이닝,2023-06-26,2024-02-15,서울 관악구,4.66
한국정보교육원(구.경원직업전문학교),자바 스프링 리액트로 완성하는 클라우드 활용 풀스택 개발 ,4,24,21,71.5,응용SW엔지니어링,과정 종료,25,24,K-디지털트레이닝,2023-06-26,2024-02-23,서울 관악구,4.66
한국정보교육원(구.경원직업전문학교),자바 스프링 리액트로 완성하는 클라우드 활용 풀스택 개발 ,5,17,17,58.8,응용SW엔지니어링,과정 종료,19,20,K-디지털트레이닝,2023-07-03,2024-01-04,서울 관악구,4.66
한국정보교육원(구.경원직업전문학교),자바 스프링 리액트로 완성하는 클라우드 활용 풀스택 개발 ,6,16,12,91.6,응용SW엔지니어링,과정 종료,16,20,K-디지털트레이닝,2023-07-05,2024-02-22,서울 관악구,4.66
한국정보교육원(구.경원직업전문학교),자바 스프링 리액트로 완성하는 클라우드 활용 풀스택 개발 ,7,13,11,63.7,응용SW엔지니어링,과정 종료,18,20,K-디지털트레이닝,2023-07-10,2024-01-12,서울 관악구,4.66
한국정보교육원(구.경원직업전문학교),자바 스프링 리액트로 완성하는 클라우드 활용 풀스택 개발 ,8,20,17,88.2,응용SW엔지니어링,과정 종료,28,25,K-디지털트레이닝,2024-01-22,2024-07-24,서울 관악구,4.66
한국정보교육원(구.경원직업전문학교),자바 스프링 리액트로 완성하는 클라우드 활용 풀스택 개발 ,9,11,11,진행중,응용SW엔지니어링,진행중,16,20,K-디지털트레이닝,2023-12-26,2024-10-17,서울 관악구,4.66
한국정보교육원(구.경원직업전문학교),자바 스프링 리액트로 완성하는 클라우드 활용 풀스택 개발 ,10,29,29,진행중,응용SW엔지니어링,진행중,31,30,K-디지털트레이닝,2024-01-02,2024-09-13,서울 관악구,4.66
한국정보교육원(구.경원직업전문학교),자바 스프링 리액트로 완성하는 클라우드 활용 풀스택 개발 ,11,20,20,진행중,응용SW엔지니어링,진행중,25,20,K-디지털트레이닝,2024-03-25,2024-10-01,서울 관악구,4.66
한국정보교육원(구.경원직업전문학교),클라우드 데브옵스(DevOps) 엔지니어 및 관리자 양성과정,9,9,8,100.0,IT시스템관리,과정 종료,11,25,K-디지털트레이닝,2023-06-01,2023-11-28,서울 관악구,4.59
한국정보교육원(구.경원직업전문학교),클라우드 데브옵스(DevOps) 엔지니어 및 관리자 양성과정,10,25,21,81.0,IT시스템관리,과정 종료,29,25,K-디지털트레이닝,2023-10-16,2024-04-05,서울 관악구,4.59
한국정보교육원(구.경원직업전문학교),클라우드컴퓨팅과 보안솔루션을 활용한 DC 엔지니어 양성,8,18,16,87.6,IT시스템관리,과정 종료,19,20,K-디지털트레이닝,2023-06-26,2023-12-12,서울 관악구,4.46
한국정보교육원(구.경원직업전문학교),클라우드컴퓨팅과 보안솔루션을 활용한 DC 엔지니어 양성,9,24,15,86.7,IT시스템관리,과정 종료,30,25,K-디지털트레이닝,2023-08-07,2024-01-22,서울 관악구,4.46
한국정보교육원(구.경원직업전문학교),클라우드컴퓨팅과 보안솔루션을 활용한 DC 엔지니어 양성,10,23,23,진행중,IT시스템관리,진행중,32,25,K-디지털트레이닝,2024-04-15,2024-10-07,서울 관악구,4.46
한국직업전문학교,게임 빅데이터 분석 전문가 과정,1,9,4,100.0,빅데이터분석,과정 종료,11,25,K-디지털트레이닝,2023-10-25,2024-05-10,서울 구로구,4.64
한국직업전문학교,의료 AI를 활용한 인공지능 부트캠프,1,15,8,62.5,응용SW엔지니어링,과정 종료,16,25,K-디지털트레이닝,2023-08-23,2024-02-20,서울 구로구,4.02
한국직업전문학교,항공 자바(Java) 풀스택 개발자 양성과정,5,15,11,81.8,응용SW엔지니어링,과정 종료,15,25,K-디지털트레이닝,2023-08-30,2024-02-28,서울 구로구,4.22
한국직업전문학교,항공 자바(Java) 풀스택 개발자 양성과정,6,11,8,75.0,응용SW엔지니어링,과정 종료,12,25,K-디지털트레이닝,2023-12-28,2024-06-25,서울 구로구,4.22
한국직업전문학교,항공 자바(Java) 풀스택 개발자 양성과정,7,8,8,진행중,응용SW엔지니어링,진행중,13,25,K-디지털트레이닝,2024-04-09,2024-10-08,서울 구로구,4.22
한국표준협회,Cisco VirtuNet Cloud 통합 구현,1,29,26,65.4,IT시스템관리,과정 종료,35,30,K-디지털트레이닝,2023-11-07,2024-05-02,서울 강남구,4.53
한국표준협회,Cisco VirtuNet Cloud 통합 구현,2,24,20,60.0,IT시스템관리,과정 종료,28,30,K-디지털트레이닝,2023-12-27,2024-06-27,서울 강남구,4.53
한국표준협회,Cisco VirtuNet Cloud 통합 구현,3,30,29,72.4,IT시스템관리,과정 종료,30,30,K-디지털트레이닝,2024-01-23,2024-07-19,서울 강남구,4.53
한국표준협회,Cisco VirtuNet Cloud 통합 구현,4,24,22,진행중,IT시스템관리,진행중,28,30,K-디지털트레이닝,2024-03-19,2024-09-13,서울 강남구,4.53
한국표준협회,[신한투자증권] 프로디지털아카데미,1,35,30,66.6,핀테크엔지니어링,과정 종료,52,40,K-디지털트레이닝,2023-12-27,2024-06-27,서울 강남구,4.49
한국표준협회,[신한투자증권] 프로디지털아카데미,2,40,29,진행중,핀테크엔지니어링,진행중,45,40,K-디지털트레이닝,2024-03-20,2024-09-12,서울 강남구,4.49
한국품질재단 평생교육시설,기업 맞춤형 빅데이터 분석가 양성과정,9,22,21,47.7,빅데이터분석,과정 종료,23,25,K-디지털트레이닝,2023-06-27,2023-12-23,서울 송파구,4.22
한국품질재단 평생교육시설,기업 맞춤형 빅데이터 분석가 양성과정,10,15,11,45.5,빅데이터분석,과정 종료,17,25,K-디지털트레이닝,2023-07-17,2024-01-13,서울 송파구,4.22
한국품질재단 평생교육시설,기업 맞춤형 빅데이터 분석가 양성과정,11,0,0,미실시,빅데이터분석,미실시,0,25,K-디지털트레이닝,2023-11-28,2024-05-18,서울 송파구,4.22
한국품질재단 평생교육시설,기업 맞춤형 빅데이터 분석가 양성과정,12,24,20,진행중,빅데이터분석,진행중,24,25,K-디지털트레이닝,2023-12-28,2024-09-15,서울 송파구,4.22
휴먼IT교육센터_국비지원무료교육,"AI데이터플랫폼(with Python, JAVA, Spring)을 활용한 빅데이터 분석 전문가 과정",6,16,14,50.0,빅데이터분석,과정 종료,26,30,K-디지털트레이닝,2023-07-05,2023-12-28,서울 영등포구,3.86
휴먼IT교육센터_국비지원무료교육,"AI데이터플랫폼(with Python, JAVA, Spring)을 활용한 빅데이터 분석 전문가 과정",7,13,7,71.4,빅데이터분석,과정 종료,16,30,K-디지털트레이닝,2023-09-18,2024-03-18,서울 영등포구,3.86
휴먼IT교육센터_국비지원무료교육,"AI데이터플랫폼(with Python, JAVA, Spring)을 활용한 빅데이터 분석 전문가 과정",8,12,9,55.6,빅데이터분석,과정 종료,18,30,K-디지털트레이닝,2024-01-29,2024-07-25,서울 영등포구,3.86
휴먼IT교육센터_국비지원무료교육,데이터 분석 기반 인공지능 시스템 개발자 양성 과정,1,19,9,77.8,빅데이터분석,과정 종료,22,30,K-디지털트레이닝,2023-10-30,2024-04-11,서울 영등포구,3.57
휴먼IT교육센터_국비지원무료교육,데이터 분석 기반 인공지능 시스템 개발자 양성 과정,2,13,6,진행중,빅데이터분석,진행중,22,30,K-디지털트레이닝,2024-04-29,2024-10-17,서울 영등포구,3.57
